Country,2017INv,2017Emp,2018INv,2018Emp,2019Inv,2019Emp,2020Inv,2020Emp,TotalInv,TotalEmp,C1,C2,C3,C4,C5,C6,C7,C8,C9,C10,C11,C12,C13,C14,C15,C16,C17,C18,C19,C20,C21,C22,C23,C24,C25,C26,C27,C28,C30,C31,C32,C33,C34,C35,C36,C37,C38,C39,C40,C41,C42,C43,C44,C45,C46,C47,C48,C49,c60,c61,c62
China,1778.30,6135.00,238.20,825.00,61.10,544.00,0.00,0.00,2077.60,7504.00,0.56,9596961.00,2695000.00,12.00,86.00,Beijing,10291926.88,119.09,0.02,CNY,NA,3927.04,1.62,0.22,87.48,0.96,12237700479375.00,1.01,0.48,0.05,0.05,8.50,Shanghai,"Xi Jinping (President), Li Keqiang (Premier)",76.25,8711267220000.00,27.00,0.87,NA,NA,NA,NA,NA,NA,NA,NA,NA,NA,NA,NA,NA,NA,NA,NA,NA,NA,NA,NA,1427647786.00,1433783686.00,0.00
India,59.39,59.39,59.39,59.39,59.39,59.39,59.39,59.39,59.39,59.39,0.60,3287263.00,2981050.00,19.01,91.00,New Delhi,2238377.14,160.13,0.05,INR,NA,805.60,2.33,0.24,73.46,0.97,2936000000000.00,1.15,0.27,0.04,0.04,34.60,Bahadurgarh,"Narendra Modi (Prime Minister), Ram Nath Kovind (President), Subrahmanyam Jaishankar (Minister), Smriti Irani (Minister), Ravi Shankar Prasad (Minister), Gajendrasingh Shekhawat (Minister), Amit Shah (Minister), Mahendra Nath Pandey (Minister), D. V. Sadananda Gowda (Minister), Ravi Shankar Prasad (Minister)",68.56,2331566700000.00,174.00,0.30,NA,NA,NA,NA,NA,NA,NA,NA,NA,NA,NA,NA,NA,NA,NA,NA,NA,NA,NA,NA,1352642280.00,1366417754.00,0.01
United States,8671.57,8671.57,8671.57,8671.57,8671.57,8671.57,8671.57,8671.57,8671.57,8671.57,0.44,9833517.00,1348400.00,12.40,1.00,"Washington, D.C.",5254279.29,112.41,0.01,USD,NA,12984.33,1.80,0.34,82.78,0.71,21439000000000.00,0.99,0.72,0.18,0.18,5.60,New York,"Donald Trump (President), Mike Pence (Vice President), G. T. Bynum (Mayor)",78.69,32120702650000.00,14.00,7.25,NA,NA,NA,NA,NA,NA,NA,NA,NA,NA,NA,NA,NA,NA,NA,NA,NA,NA,NA,NA,327096265.00,329064917.00,0.01
Indonesia,0.00,0.00,0.00,0.00,0.00,0.00,0.00,0.00,0.00,0.00,0.31,1904569.00,675500.00,18.99,62.00,Jakarta,464176.19,142.18,0.04,IDR,NA,811.90,2.36,0.50,65.56,0.63,1015539017536.50,1.03,0.28,0.03,0.03,22.20,Kalimantan,"Joko Widodo (President), Sri Mulyani Indrawati (Minister), Ma'ruf Amin (Vice President)",69.19,520686680000.00,126.00,0.48,NA,NA,NA,NA,NA,NA,NA,NA,NA,NA,NA,NA,NA,NA,NA,NA,NA,NA,NA,NA,267670543.00,270625568.00,0.01
Pakistan,NA,NA,NA,NA,NA,NA,NA,NA,NA,NA,0.47,881913.00,935800.00,28.23,92.00,Islamabad,166298.45,156.91,0.04,PKR,NA,471.04,3.48,0.02,59.70,0.79,304400000000.00,0.98,0.10,0.03,0.03,64.20,Karachi,"Imran Khan (Prime Minister), Arif Alvi (President)",66.48,91863740000.00,178.00,0.69,NA,NA,NA,NA,NA,NA,NA,NA,NA,NA,NA,NA,NA,NA,NA,NA,NA,NA,NA,NA,212228286.00,216565318.00,0.02
Brazil,0.00,0.00,0.00,0.00,0.00,0.00,0.00,0.00,0.00,0.00,0.34,8515767.00,729500.00,14.16,55.00,Brasília,529808.16,155.67,0.09,BRL,NA,2601.37,1.73,0.59,59.12,1.02,2055505502224.73,1.15,0.51,0.09,0.09,13.50,Jaú,"Jair Bolsonaro (President), Hamilton Mourão (Vice President)",75.51,954715100000.00,44.00,1.53,NA,NA,NA,NA,NA,NA,NA,NA,NA,NA,NA,NA,NA,NA,NA,NA,NA,NA,NA,NA,209469323.00,211049527.00,0.01
Nigeria,NA,NA,NA,NA,NA,NA,NA,NA,NA,NA,0.78,923768.00,200000.00,38.89,234.00,Abuja,96280.75,214.23,0.16,NGN,NA,144.48,5.53,0.08,19.04,0.46,375770713742.76,0.94,0.10,0.06,0.06,66.90,Lagos,"Muhammadu Buhari (President), Yemi Osinbajo (Vice President), Godswill Akpabio (Minister), Babatunde Fashola (Minister), Heineken Lokpobiri (Minister), Chris Ngige (Minister), Rauf Aregbesola (Minister), Ogbonnaya Onu (Minister), Abubakar Malami (Minister), Geoffrey Onyeama (Minister)",53.43,37217620000.00,814.00,0.54,NA,NA,NA,NA,NA,NA,NA,NA,NA,NA,NA,NA,NA,NA,NA,NA,NA,NA,NA,NA,195874683.00,200963599.00,0.03
Bangladesh,NA,NA,NA,NA,NA,NA,NA,NA,NA,NA,0.71,147570.00,220950.00,18.95,880.00,Dhaka,73189.65,161.14,0.06,BDT,NA,310.39,2.10,0.11,73.77,1.12,249723887765.42,1.19,0.17,0.04,0.04,28.20,Dhaka,"Sheikh Hasina (Prime Minister), Mustafa Jabbar (Minister), AK Abdul Momen (Minister), Mustafa Kamal (Minister), Dipu Moni (Minister), Abdur Razzak (Minister), Anisul Huq (Minister), Yafes Osman (Minister), Tipu Munshi (Minister), Hasan Mahmud (Minister)",72.49,86178750000.00,176.00,0.51,NA,NA,NA,NA,NA,NA,NA,NA,NA,NA,NA,NA,NA,NA,NA,NA,NA,NA,NA,NA,161376708.00,163046161.00,0.01
Russia,3.62,3.62,3.62,3.62,3.62,3.62,3.62,3.62,3.62,3.62,0.13,17098240.00,1454000.00,12.90,7.00,Moscow,1705345.68,168.17,0.07,RUB,NA,6602.66,1.75,0.50,90.22,0.59,1577524145963.17,1.02,0.82,0.06,0.06,6.60,Moscow,"Vladimir Putin (President), Mikhail Mishustin (Prime Minister)",71.59,623424900000.00,25.00,0.53,NA,NA,NA,NA,NA,NA,NA,NA,NA,NA,NA,NA,NA,NA,NA,NA,NA,NA,NA,NA,145734038.00,145872256.00,0.00
Mexico,NA,NA,NA,NA,NA,NA,NA,NA,NA,NA,0.55,1972550.00,336050.00,18.17,52.00,Mexico City,480270.66,130.20,0.03,MXN,NA,2090.18,2.18,0.34,90.45,0.73,1149918794765.73,1.04,0.37,0.06,0.06,12.60,Mexico City,Andrés Manuel López Obrador (President),77.12,417020520000.00,38.00,0.49,NA,NA,NA,NA,NA,NA,NA,NA,NA,NA,NA,NA,NA,NA,NA,NA,NA,NA,NA,NA,126190788.00,127575529.00,0.01
Japan,53.00,53.00,53.00,53.00,53.00,53.00,53.00,53.00,53.00,53.00,0.12,377944.00,260890.00,7.80,81.00,Tokyo,1214048.36,103.96,0.00,JPY,NA,7819.71,1.44,0.68,93.72,1.06,4872136945507.59,0.99,0.63,0.10,0.10,2.00,Keihanshin,"Koichi Yamamoto (Minister), Shinz? Abe (Prime Minister), Akiko Sant? (President)",83.98,6222825210000.00,5.00,6.77,NA,NA,NA,NA,NA,NA,NA,NA,NA,NA,NA,NA,NA,NA,NA,NA,NA,NA,NA,NA,127202192.00,126860301.00,?0.27%
Ethiopia,NA,NA,NA,NA,NA,NA,NA,NA,NA,NA,0.36,1104300.00,138000.00,31.78,251.00,Addis Ababa,11598.72,249.09,0.07,ETB,NA,69.72,4.20,0.12,6.11,0.75,80561496133.92,1.02,0.08,0.04,0.04,41.00,Ogaden,"Sahle-Work Zewde (President), Abiy Ahmed (Prime Minister), Demeke Mekonnen (Deputy prime minister)",65.48,NA,353.00,NA,NA,NA,NA,NA,NA,NA,NA,NA,NA,NA,NA,NA,NA,NA,NA,NA,NA,NA,NA,NA,109224414.00,112078730.00,0.03
Philippines,0.00,0.00,0.00,0.00,0.00,0.00,0.00,0.00,0.00,0.00,0.42,300000.00,165500.00,23.21,63.00,Manila,105653.60,120.21,0.02,PHP,NA,699.21,2.93,0.27,61.99,0.86,313595208737.27,1.13,0.35,0.05,0.05,21.50,Manila,"Rodrigo Duterte (President), Leni Robredo (Vice President)",69.09,290401420000.00,114.00,1.12,NA,NA,NA,NA,NA,NA,NA,NA,NA,NA,NA,NA,NA,NA,NA,NA,NA,NA,NA,NA,106651394.00,108116615.00,0.01
Egypt,0.00,0.00,0.00,0.00,0.00,0.00,0.00,0.00,0.00,0.00,0.04,1001450.00,835500.00,26.49,20.00,Cairo,201894.02,231.11,0.14,EGP,NA,1657.77,3.27,0.00,95.97,0.40,235369129337.71,1.04,0.34,0.05,0.05,19.40,Cairo,Abdel Fattah el-Sisi (President),71.48,46546100000.00,33.00,NA,NA,NA,NA,NA,NA,NA,NA,NA,NA,NA,NA,NA,NA,NA,NA,NA,NA,NA,NA,NA,98423598.00,100388073.00,0.02
Vietnam,NA,NA,NA,NA,NA,NA,NA,NA,NA,NA,0.38,331210.00,522000.00,16.69,84.00,Hanoi,166910.84,155.80,0.03,VND,NA,1410.91,1.95,0.48,69.82,0.80,223863996354.66,1.10,0.28,0.07,0.07,17.30,Ho Chi Minh City,"Nguy?n Xuân Phúc (Prime Minister), ??ng Th? Ng?c Th?nh (Vice President), Nguy?n Phú Tr?ng (President), Tr??ng Hòa Bình (Deputy prime minister)",76.25,116657040000.00,54.00,0.73,NA,NA,NA,NA,NA,NA,NA,NA,NA,NA,NA,NA,NA,NA,NA,NA,NA,NA,NA,NA,95545962.00,96462106.00,0.01
Democratic Republic of the Congo,NA,NA,NA,NA,NA,NA,NA,NA,NA,NA,0.12,2344858.00,134250.00,42.28,243.00,Kinshasa,4671.76,133.85,0.02,CDF,NA,108.58,6.11,0.67,5.36,1.49,37241300948.66,1.08,0.07,0.06,0.06,72.00,Kinshasa,"Félix Tshisekedi (President), Aimé Boji (Minister), Edouard Kiove Kola (Minister), Sylvestre Ilunga (Prime Minister)",59.62,NA,693.00,0.18,NA,NA,NA,NA,NA,NA,NA,NA,NA,NA,NA,NA,NA,NA,NA,NA,NA,NA,NA,NA,84068091.00,86790567.00,0.03
Germany,247.27,247.27,247.27,247.27,247.27,247.27,247.27,247.27,247.27,247.27,0.48,357022.00,179100.00,9.30,49.00,Berlin,719883.44,109.28,0.00,EUR,NA,7035.48,1.50,0.33,79.81,1.39,3677439129776.60,1.02,0.66,0.11,0.11,3.20,Berlin,"Angela Merkel (Chancellor), Frank-Walter Steinmeier (President), Andreas Voßkuhle (President), Horst Seehofer (Minister), Peter Altmaier (Minister)",80.64,2262222570000.00,6.00,9.99,NA,NA,NA,NA,NA,NA,NA,NA,NA,NA,NA,NA,NA,NA,NA,NA,NA,NA,NA,NA,83124418.00,83517045.00,0.00
Turkey,0.00,0.00,0.00,0.00,0.00,0.00,0.00,0.00,0.00,0.00,0.50,783562.00,512000.00,16.24,90.00,Ankara,345981.45,174.97,0.08,TRY,NA,2854.57,2.05,0.15,87.59,1.42,851102411118.12,1.03,0.95,0.06,0.06,10.90,Istanbul,"Recep Tayyip Erdo?an (President), Fuat Oktay (Vice President)",75.76,227511820000.00,16.00,3.45,NA,NA,NA,NA,NA,NA,NA,NA,NA,NA,NA,NA,NA,NA,NA,NA,NA,NA,NA,NA,82340088.00,83429615.00,0.01
Iran,NA,NA,NA,NA,NA,NA,NA,NA,NA,NA,0.28,1648195.00,563000.00,16.54,98.00,Tehran,649480.71,339.72,0.09,IRR,NA,2985.69,1.66,0.07,98.99,0.40,439513511620.59,1.09,0.69,0.07,0.07,13.00,Tehran,"Hassan Rouhani (President), Ali Khamenei (Supreme leader), Eshaq Jahangiri (Vice President)",75.95,106328700000.00,25.00,1.58,NA,NA,NA,NA,NA,NA,NA,NA,NA,NA,NA,NA,NA,NA,NA,NA,NA,NA,NA,NA,81800188.00,82913906.00,0.01
Thailand,0.00,0.00,0.00,0.00,0.00,0.00,0.00,0.00,0.00,0.00,0.43,513120.00,454550.00,10.33,66.00,Bangkok,316212.74,111.29,0.00,THB,NA,2539.61,1.48,0.32,79.75,0.71,455220920571.13,1.01,0.46,0.04,0.04,10.50,Bangkok,"Vajiralongkorn (Monarch), Prayut Chan-o-cha (Prime Minister), Prayut Chan-o-cha (Minister), Anupong Paochinda (Minister), Suriya Jungrungreangkit (Minister), Don Pramudwinai (Minister), Chatumongol Sonakul (Minister), Uttam Sawanon (Minister), Anutin Charnvirakul (Minister), Thonmanat Phromphan (Minister)",75.30,548795410000.00,20.00,1.06,NA,NA,NA,NA,NA,NA,NA,NA,NA,NA,NA,NA,NA,NA,NA,NA,NA,NA,NA,NA,68863514.00,69037513.00,0.00
United Kingdom,0.00,0.00,0.00,0.00,0.00,0.00,0.00,0.00,0.00,0.00,0.71,243610.00,150250.00,11.80,44.00,London,419820.16,115.57,0.01,GBP,NA,5129.53,1.80,0.13,80.71,1.46,2622433959604.16,1.02,0.57,0.09,0.09,3.70,Northop,"Boris Johnson (Prime Minister), Justine Greening (Minister), Natalie Evans, Baroness Evans of Bowes Park (Minister)",80.96,1868152970000.00,9.00,10.13,NA,NA,NA,NA,NA,NA,NA,NA,NA,NA,NA,NA,NA,NA,NA,NA,NA,NA,NA,NA,67141684.00,67530172.00,0.01
France,343.62,343.62,343.62,343.62,343.62,343.62,343.62,343.62,343.62,343.62,0.52,643801.00,306100.00,11.70,33.00,Paris,303275.57,106.86,0.00,EUR,NA,6939.52,1.96,0.31,46.63,1.39,2582501307216.42,1.07,0.65,0.12,0.12,3.20,Paris,"Emmanuel Macron (President), Édouard Philippe (Prime Minister), Jean-Yves Le Drian (Minister), Nicole Belloubet (Minister), Christophe Castaner (Minister), Franck Riester (Minister), Élisabeth Borne (Minister)",82.27,2749314584104.38,8.00,11.16,NA,NA,NA,NA,NA,NA,NA,NA,NA,NA,NA,NA,NA,NA,NA,NA,NA,NA,NA,NA,64990511.00,65129728.00,0.00
Italy,0.00,0.00,0.00,0.00,0.00,0.00,0.00,0.00,0.00,0.00,0.44,301340.00,356850.00,7.80,39.00,Rome,320411.46,108.71,0.00,EUR,NA,5002.41,1.35,0.32,79.15,1.61,1934797937411.33,1.01,0.63,0.09,0.09,2.80,Rome,"Sergio Mattarella (President), Teresa Bellanova (Minister), Luciana Lamorgese (Minister), Luigi Di Maio (Minister), Stefano Patuanelli (Minister), Dario Franceschini (Minister), Nunzia Catalfo (Minister), Roberto Gualtieri (Minister), Roberto Speranza (Minister), Paola De Micheli (Minister)",82.54,587312440000.00,4.00,NA,NA,NA,NA,NA,NA,NA,NA,NA,NA,NA,NA,NA,NA,NA,NA,NA,NA,NA,NA,NA,60627291.00,60550075.00,?0.13%
South Africa,0.00,0.00,0.00,0.00,0.00,0.00,0.00,0.00,0.00,0.00,0.80,1221037.00,81400.00,20.98,27.00,Pretoria,489771.85,146.05,0.06,ZAR,NA,4198.40,2.46,0.08,86.91,0.92,349419343614.09,1.03,0.20,0.09,0.09,34.20,Johannesburg,"Cyril Ramaphosa (President), David Mabuza (Vice President)",62.77,1230977190000.00,138.00,NA,NA,NA,NA,NA,NA,NA,NA,NA,NA,NA,NA,NA,NA,NA,NA,NA,NA,NA,NA,NA,57792518.00,58558270.00,0.01
Tanzania,NA,NA,NA,NA,NA,NA,NA,NA,NA,NA,0.45,947303.00,28400.00,38.19,255.00,Dodoma,11562.05,175.04,0.05,TZS,NA,99.17,5.02,0.52,14.38,0.87,52090320325.47,0.81,0.04,0.07,0.07,40.30,Dar es Salaam,"John Magufuli (President), Samia Suluhu (Vice President), Charles Mwijage (Minister), Kassim Majaliwa (Prime Minister)",65.68,398100000.00,398.00,0.09,NA,NA,NA,NA,NA,NA,NA,NA,NA,NA,NA,NA,NA,NA,NA,NA,NA,NA,NA,NA,56313438.00,58005463.00,0.03
Myanmar,NA,NA,NA,NA,NA,NA,NA,NA,NA,NA,0.19,676578.00,513250.00,17.79,95.00,Naypyidaw,21631.63,144.61,0.07,MMK,NA,216.78,2.21,0.44,39.33,0.54,69322122755.85,1.12,0.16,0.02,0.02,40.10,Yangon,"Henry Van Thio (Vice President), Win Myint (President), Myint Swe (Vice President)",66.61,NA,178.00,0.39,NA,NA,NA,NA,NA,NA,NA,NA,NA,NA,NA,NA,NA,NA,NA,NA,NA,NA,NA,NA,53708320.00,54045420.00,0.01
Kenya,NA,NA,NA,NA,NA,NA,NA,NA,NA,NA,0.49,580367.00,29100.00,31.31,254.00,Nairobi,14286.63,172.43,0.06,KES,NA,166.74,3.85,0.08,17.15,0.95,74938190654.86,1.05,0.04,0.05,0.05,35.60,Nairobi,"Uhuru Kenyatta (President), William Ruto (Vice President)",67.03,10202610000.00,510.00,0.25,NA,NA,NA,NA,NA,NA,NA,NA,NA,NA,NA,NA,NA,NA,NA,NA,NA,NA,NA,NA,51392565.00,52573973.00,0.02
South Korea,752.56,752.56,752.56,752.56,752.56,752.56,752.56,752.56,752.56,752.56,0.18,99720.00,634000.00,7.90,82.00,Seoul,587156.37,113.05,0.01,KRW,"South Korea, officially the Republic of Korea is a country in East Asia, constituting the southern part of the Korean Peninsula and sharing a land border with North Korea.",10496.51,1.17,0.63,82.04,1.22,2029000000000.00,0.98,0.93,0.08,0.08,2.90,Seoul,"Moon Jae-in (President), Chung Sye-kyun (Prime Minister), Yoo Il-ho (Acting Prime Minister)",82.02,1771767930000.00,11.00,6.49,NA,NA,NA,NA,NA,NA,NA,NA,NA,NA,NA,NA,NA,NA,NA,NA,NA,NA,NA,NA,51171706.00,51225308.00,0.00
Colombia,NA,NA,NA,NA,NA,NA,NA,NA,NA,NA,0.40,1141748.00,481100.00,15.20,57.00,Bogotá,84091.64,131.88,0.08,COP,NA,1289.57,1.85,0.53,76.69,0.68,309191382833.37,1.14,0.59,0.07,0.07,13.10,Bogotá,"Iván Duque Márquez (President), Amilkar Acosta Medina (Minister), Marta Lucía Ramírez (Vice President)",74.38,121477230000.00,64.00,1.23,NA,NA,NA,NA,NA,NA,NA,NA,NA,NA,NA,NA,NA,NA,NA,NA,NA,NA,NA,NA,49661048.00,50339443.00,0.01
Spain,0.00,0.00,0.00,0.00,0.00,0.00,0.00,0.00,0.00,0.00,0.53,505990.00,197950.00,8.70,34.00,Madrid,233976.60,108.38,0.00,EUR,NA,5355.99,1.33,0.37,72.94,1.26,1311320015515.99,1.04,0.91,0.10,0.10,2.70,Foz-Calanda,"King Felipe VI of Spain (Monarch), Iñigo Urkullu (Head of government), Pedro Sánchez (Prime Minister)",82.83,888837580000.00,5.00,5.60,NA,NA,NA,NA,NA,NA,NA,NA,NA,NA,NA,NA,NA,NA,NA,NA,NA,NA,NA,NA,46692858.00,46736776.00,0.00
Argentina,NA,NA,NA,NA,NA,NA,NA,NA,NA,NA,0.54,2780400.00,105450.00,17.17,54.00,Buenos Aires,204024.55,NA,0.11,ARS,NA,3052.38,2.29,0.10,88.54,1.10,637590419269.32,1.10,0.86,0.08,0.08,9.90,Buenos Aires,Alberto Fernández (President),76.58,108740050000.00,52.00,3.35,NA,NA,NA,NA,NA,NA,NA,NA,NA,NA,NA,NA,NA,NA,NA,NA,NA,NA,NA,NA,44361150.00,44780677.00,0.01
Uganda,NA,NA,NA,NA,NA,NA,NA,NA,NA,NA,0.72,241038.00,46400.00,42.14,256.00,Kampala,5229.14,166.25,0.05,UGX,NA,NA,5.59,0.10,NA,0.94,25891058946.19,1.00,0.05,0.08,0.08,37.70,Buganda,"Yoweri Museveni (President), Ruhakana Rugunda (Prime Minister), Edward Ssekandi (Vice President)",59.89,NA,343.00,0.01,NA,NA,NA,NA,NA,NA,NA,NA,NA,NA,NA,NA,NA,NA,NA,NA,NA,NA,NA,NA,42729036.00,44269594.00,0.04
Ukraine,NA,NA,NA,NA,NA,NA,NA,NA,NA,NA,0.71,603550.00,292000.00,10.30,380.00,Kyiv,227299.00,235.30,0.14,UAH,NA,3418.59,1.47,0.17,75.33,0.83,112154185121.41,1.00,0.83,0.08,0.08,7.80,Kyiv,"Volodymyr Zelensky (President), Oleksiy Honcharuk (Prime Minister)",71.48,25654060000.00,24.00,0.84,NA,NA,NA,NA,NA,NA,NA,NA,NA,NA,NA,NA,NA,NA,NA,NA,NA,NA,NA,NA,44246156.00,43993638.00,?0.57%
Algeria,NA,NA,NA,NA,NA,NA,NA,NA,NA,NA,0.17,2381741.00,317200.00,23.13,213.00,Algiers,145400.22,142.38,0.06,DZD,NA,1356.26,2.78,0.01,99.98,0.28,170370810917.97,1.14,0.43,0.05,0.05,21.60,Kabylie,"Abdelmadjid Tebboune (President), Abdelaziz Djerad (Prime Minister)",76.08,NA,140.00,0.95,NA,NA,NA,NA,NA,NA,NA,NA,NA,NA,NA,NA,NA,NA,NA,NA,NA,NA,NA,NA,42228408.00,43053054.00,0.02
Sudan,NA,NA,NA,NA,NA,NA,NA,NA,NA,NA,0.29,1886068.00,124300.00,32.93,249.00,Khartoum,15364.73,349.82,0.18,SDG,NA,190.22,4.53,0.08,31.76,0.95,117487857142.86,0.74,0.17,0.07,0.07,44.80,Khartoum,"Nasredeen Abdulbari (Minister), Faisal Saleh (Minister), Wala'a Essam al-Boushi (Minister), Intisar el-Zein Soughayroun (Minister), Lena el-Sheikh Mahjoub (Minister), Akram Ali Altom (Minister), Ibrahim Elbadawi (Minister), Issa Osman Sharif (Minister), Mohammed el-Amin el-Tom (Minister), Adel Ibrahim (Minister)",64.49,NA,311.00,0.41,NA,NA,NA,NA,NA,NA,NA,NA,NA,NA,NA,NA,NA,NA,NA,NA,NA,NA,NA,NA,41801533.00,42813238.00,0.02
Iraq,NA,NA,NA,NA,NA,NA,NA,NA,NA,NA,0.21,437072.00,209000.00,33.21,964.00,Baghdad,168443.65,119.38,0.01,IQD,NA,1305.69,4.37,0.02,97.27,0.61,197715736040.61,1.08,0.16,0.04,0.04,25.90,Baghdad,"Barham Salih (President), Mohammed Tawfiq Allawi (Prime Minister)",69.86,NA,50.00,1.24,NA,NA,NA,NA,NA,NA,NA,NA,NA,NA,NA,NA,NA,NA,NA,NA,NA,NA,NA,NA,38433600.00,39309783.00,0.02
Afghanistan,NA,NA,NA,NA,NA,NA,NA,NA,NA,NA,0.58,652230.00,323000.00,33.21,93.00,Kabul,9809.23,137.90,0.02,AFN,NA,NA,4.64,0.02,NA,0.70,20815300220.04,1.05,0.08,0.09,0.09,53.20,Kabul,"Ashraf Ghani (President), Sarwar Danish (Vice President), Abdullah Abdullah (Chief executive), Abdul Rashid Dostum (Vice President)",63.67,NA,396.00,0.43,NA,NA,NA,NA,NA,NA,NA,NA,NA,NA,NA,NA,NA,NA,NA,NA,NA,NA,NA,NA,37171921.00,38041754.00,0.02
Poland,0.00,0.00,0.00,0.00,0.00,0.00,0.00,0.00,0.00,0.00,0.47,312685.00,178400.00,10.10,48.00,Warsaw,285739.97,109.64,-0.01,PLN,NA,3971.80,1.32,0.31,89.86,1.07,524509565263.41,1.10,0.67,0.07,0.07,4.00,Warsaw,"Andrzej Duda (President), Krzysztof Tchórzewski (Minister), Mateusz Morawiecki (Prime Minister)",77.45,201392890000.00,3.00,2.93,NA,NA,NA,NA,NA,NA,NA,NA,NA,NA,NA,NA,NA,NA,NA,NA,NA,NA,NA,NA,37921592.00,37887768.00,?0.09%
Canada,600.60,600.60,600.60,600.60,600.60,600.60,600.60,600.60,600.60,600.60,0.07,9984670.00,67500.00,10.80,1.00,Ottawa,537193.50,111.98,0.01,CAD,NA,15545.54,1.60,0.38,73.59,0.81,1653042795255.04,1.01,0.59,0.11,0.11,4.30,Toronto,"Justin Trudeau (Prime Minister), Marc Garneau (Minister), Julie Payette (Governor-general), Chrystia Freeland (Deputy prime minister)",82.30,2367059920000.00,7.00,9.51,NA,NA,NA,NA,NA,NA,NA,NA,NA,NA,NA,NA,NA,NA,NA,NA,NA,NA,NA,NA,37074562.00,37411047.00,0.01
Morocco,NA,NA,NA,NA,NA,NA,NA,NA,NA,NA,0.69,446550.00,245800.00,19.97,212.00,Rabat,59863.78,108.77,0.02,MAD,NA,901.13,2.49,0.13,88.47,0.99,109139484007.43,1.10,0.32,0.06,0.06,23.30,Casablanca,"Mohammed VI of Morocco (Monarch), Saad-Eddine El Othmani (Prime Minister)",75.82,67048480000.00,121.00,1.60,NA,NA,NA,NA,NA,NA,NA,NA,NA,NA,NA,NA,NA,NA,NA,NA,NA,NA,NA,NA,36029093.00,36471769.00,0.01
Saudi Arabia,0.00,0.00,0.00,0.00,0.00,0.00,0.00,0.00,0.00,0.00,0.81,2149690.00,251500.00,19.56,966.00,Riyadh,601046.97,122.08,0.04,SAR,NA,9444.22,2.53,0.00,100.00,0.24,683827144288.54,1.16,0.67,0.03,0.03,11.10,Riyadh,"Salman of Saudi Arabia (King), Mohammed Al-Jadaan (Minister)",74.56,451378840000.00,12.00,3.85,NA,NA,NA,NA,NA,NA,NA,NA,NA,NA,NA,NA,NA,NA,NA,NA,NA,NA,NA,NA,33702756.00,34268528.00,0.02
Uzbekistan,NA,NA,NA,NA,NA,NA,NA,NA,NA,NA,0.63,448978.00,68000.00,22.80,998.00,Tashkent,105213.56,NA,NA,UZS,NA,1645.44,2.46,0.08,97.74,1.03,48717685984.03,1.03,0.09,0.06,0.06,21.40,Tashkent,"Abdulla Oripov (Prime Minister), Shavkat Mirziyoyev (President)",71.31,NA,36.00,0.24,NA,NA,NA,NA,NA,NA,NA,NA,NA,NA,NA,NA,NA,NA,NA,NA,NA,NA,NA,NA,32476244.00,32981716.00,0.02
Peru,0.00,0.00,0.00,0.00,0.00,0.00,0.00,0.00,0.00,0.00,0.19,1285216.00,158000.00,19.28,51.00,Lima,61744.95,125.42,0.04,PEN,NA,1307.51,2.40,0.58,79.56,0.99,211389272242.16,1.03,0.34,0.05,0.05,11.90,Lima,"Martín Vizcarra (President), Sonia Guillén (Minister), Ariela Luna (Minister), Vicente Zeballos (Prime Minister)",74.98,99217960000.00,68.00,1.28,NA,NA,NA,NA,NA,NA,NA,NA,NA,NA,NA,NA,NA,NA,NA,NA,NA,NA,NA,NA,31989260.00,32510453.00,0.02
Malaysia,0.00,0.00,0.00,0.00,0.00,0.00,0.00,0.00,0.00,0.00,0.24,329847.00,133600.00,17.05,60.00,Kuala Lumpur,242821.41,119.61,0.02,MYR,NA,4596.33,2.04,0.68,96.63,0.45,314500279043.81,1.03,0.44,0.04,0.04,7.10,Kuala Lumpur,"Mahathir Mohamad (Prime Minister), Wan Azizah Wan Ismail (Deputy prime minister)",75.30,455772490000.00,40.00,0.93,NA,NA,NA,NA,NA,NA,NA,NA,NA,NA,NA,NA,NA,NA,NA,NA,NA,NA,NA,NA,31528033.00,31949777.00,0.01
Angola,NA,NA,NA,NA,NA,NA,NA,NA,NA,NA,0.47,1246700.00,117000.00,41.82,244.00,Luanda,34763.16,280.76,0.35,AOA,NA,312.48,5.69,0.46,48.28,0.97,124209385825.22,1.19,0.09,0.03,0.03,54.60,Luanda,João Lourenço (President),61.55,NA,477.00,0.71,NA,NA,NA,NA,NA,NA,NA,NA,NA,NA,NA,NA,NA,NA,NA,NA,NA,NA,NA,NA,30809787.00,31825295.00,0.03
Mozambique,NA,NA,NA,NA,NA,NA,NA,NA,NA,NA,0.64,801590.00,11200.00,38.95,258.00,Maputo,8426.77,170.70,0.10,MZN,NA,462.62,5.24,0.48,12.60,0.65,12333859926.28,1.06,0.07,0.06,0.06,53.10,Maputo,Filipe Nyusi (President),58.31,NA,489.00,0.27,NA,NA,NA,NA,NA,NA,NA,NA,NA,NA,NA,NA,NA,NA,NA,NA,NA,NA,NA,NA,29496004.00,30366036.00,0.03
Yemen,NA,NA,NA,NA,NA,NA,NA,NA,NA,NA,0.45,527968.00,20000.00,31.64,967.00,Sana'a,22698.73,157.58,0.08,YER,NA,216.26,4.00,0.01,98.49,0.92,18213328571.43,0.92,0.10,0.06,0.06,43.20,Sana'a,"Abdrabbuh Mansur Hadi (President), Talal Aklan (Minister), Mohamed Abdelaziz al-Jabari (Deputy prime minister), Ali Mohsen al-Ahmar (Vice President), Maeen Abdulmalik Saeed (Prime Minister), Abdel-Aziz bin Habtour (Prime Minister)",64.95,NA,385.00,NA,NA,NA,NA,NA,NA,NA,NA,NA,NA,NA,NA,NA,NA,NA,NA,NA,NA,NA,NA,NA,28498683.00,29161922.00,0.02
Ghana,NA,NA,NA,NA,NA,NA,NA,NA,NA,NA,0.69,238533.00,15500.00,31.05,233.00,Accra,14466.32,232.26,0.17,GHS,NA,354.71,3.98,0.41,52.30,0.92,47330016342.57,1.05,0.16,0.05,0.05,41.20,Kumasi,"Nana Akufo-Addo (President), Gloria Akuffo (Minister), Alan John Kyerematen (Minister), Ken Ofori-Atta (Minister), Albert Kan-Dapaah (Minister), MATTHEW PREMPEH (Minister), Alima Mahama (Minister), Ambrose Dery (Minister), Dominic Nitiwul (Minister), Mahamudu Bawumia (Vice President)",62.74,3098510000.00,319.00,0.27,NA,NA,NA,NA,NA,NA,NA,NA,NA,NA,NA,NA,NA,NA,NA,NA,NA,NA,NA,NA,28206728.00,28833629.00,0.02
Nepal,NA,NA,NA,NA,NA,NA,NA,NA,NA,NA,0.29,147181.00,158600.00,19.71,977.00,Kathmandu,8030.73,171.14,0.09,NPR,NA,139.14,2.12,0.25,15.76,0.91,24472013233.85,1.34,0.12,0.05,0.05,28.40,Kathmandu,"Bidhya Devi Bhandari (President), Khadga Prasad Oli (Prime Minister)",70.25,NA,258.00,0.36,NA,NA,NA,NA,NA,NA,NA,NA,NA,NA,NA,NA,NA,NA,NA,NA,NA,NA,NA,NA,28095714.00,28608710.00,0.02
Venezuela,NA,NA,NA,NA,NA,NA,NA,NA,NA,NA,0.24,916445.00,273000.00,19.03,58.00,Caracas,185220.17,2740.27,2.55,VES,NA,2657.62,2.32,0.53,88.38,0.00,482359318767.70,0.97,0.77,0.05,0.05,14.00,Caracas,"Juan Guaidó (President), Delcy Rodríguez (Vice President), Jorge Arreaza (Minister), Luis Salerfi López Chajade (Minister)",74.55,3979600000.00,95.00,0.01,NA,NA,NA,NA,NA,NA,NA,NA,NA,NA,NA,NA,NA,NA,NA,NA,NA,NA,NA,NA,28887118.00,28515829.00,?1.29%
Madagascar,NA,NA,NA,NA,NA,NA,NA,NA,NA,NA,0.71,587041.00,21600.00,33.15,261.00,Antananarivo,3076.61,161.17,0.07,MGA,NA,NA,4.18,0.21,NA,1.11,11499803806.57,1.44,0.05,0.04,0.04,34.00,Antananarivo,Christian Ntsay (Prime Minister),65.93,NA,353.00,0.21,NA,NA,NA,NA,NA,NA,NA,NA,NA,NA,NA,NA,NA,NA,NA,NA,NA,NA,NA,NA,26262313.00,26969307.00,0.03
North Korea,NA,NA,NA,NA,NA,NA,NA,NA,NA,NA,0.22,120540.00,1469000.00,13.83,850.00,Pyongyang,40527.68,NA,NA,KPW,NA,600.29,1.91,0.42,81.41,0.58,1530750.92,0.99,0.28,NA,NA,15.10,Pyongyang,"Kim Jong-un (Supreme leader), Kim Jae-ryong (Premier)",71.69,NA,82.00,NA,NA,NA,NA,NA,NA,NA,NA,NA,NA,NA,NA,NA,NA,NA,NA,NA,NA,NA,NA,NA,25549604.00,25666161.00,0.00
Ivory Coast,NA,NA,NA,NA,NA,NA,NA,NA,NA,NA,0.65,322463.00,25000.00,36.83,225.00,Yamoussoukro,11045.00,112.45,0.01,XOF,NA,276.15,4.91,0.33,26.49,0.93,40388624117.11,0.97,0.09,0.07,0.07,66.00,Abidjan,"Alassane Ouattara (President), Daniel Kablan Duncan (Vice President), Amadou Gon Coulibaly (Prime Minister)",53.58,NA,645.00,0.36,NA,NA,NA,NA,NA,NA,NA,NA,NA,NA,NA,NA,NA,NA,NA,NA,NA,NA,NA,NA,25069230.00,25716544.00,0.03
Cameroon,NA,NA,NA,NA,NA,NA,NA,NA,NA,NA,0.21,475442.00,23400.00,36.30,237.00,Yaoundé,7003.97,114.58,0.01,XAF,NA,280.67,4.71,0.40,29.86,1.03,34798596482.43,1.19,0.17,0.05,0.05,52.80,Douala,"Paul Biya (President), Joseph Ngute (Prime Minister)",58.07,NA,596.00,0.35,NA,NA,NA,NA,NA,NA,NA,NA,NA,NA,NA,NA,NA,NA,NA,NA,NA,NA,NA,NA,25216267.00,25876380.00,0.03
Australia,1450.00,1450.00,1450.00,1450.00,1450.00,1450.00,1450.00,1450.00,1450.00,1450.00,0.48,7692024.00,57800.00,12.50,61.00,Canberra,361261.84,115.69,0.01,AUD,NA,10059.21,1.81,0.16,93.38,0.93,1323421072479.07,1.01,1.22,0.09,0.09,3.10,Sydney,"Josh Frydenberg (Minister), Scott Morrison (Minister), Marise Payne (Minister), Linda Reynolds (Minister), Alan Tudge (Minister), Paul Fletcher (Minister), Anne Ruston (Minister), Greg Hunt (Minister), Mathias Cormann (Minister), Simon Birmingham (Minister)",82.50,1508462800000.00,6.00,13.59,NA,NA,NA,NA,NA,NA,NA,NA,NA,NA,NA,NA,NA,NA,NA,NA,NA,NA,NA,NA,24898152.00,25203198.00,0.01
Taiwan,1025.45,1025.45,1025.45,1025.45,1025.45,1025.45,1025.45,1025.45,1025.45,1025.45,NA,35980.00,NA,NA,886.00,Taipei,NA,NA,NA,TWD,NA,NA,NA,NA,NA,NA,473971000000.00,NA,NA,NA,NA,NA,New Taipei City,Tsai Ing-wen (President),NA,NA,NA,4.02,NA,NA,NA,NA,NA,NA,NA,NA,NA,NA,NA,NA,NA,NA,NA,NA,NA,NA,NA,NA,23726460.00,23773876.00,0.00
Niger,NA,NA,NA,NA,NA,NA,NA,NA,NA,NA,0.36,1267000.00,10700.00,48.14,227.00,Niamey,2126.86,108.56,0.00,XOF,NA,51.44,7.24,0.01,24.06,0.88,8119732792.53,0.74,0.02,0.07,0.07,50.90,Niamey,"Mahamadou Issoufou (President), Brigi Rafini (Prime Minister)",60.06,NA,553.00,0.29,NA,NA,NA,NA,NA,NA,NA,NA,NA,NA,NA,NA,NA,NA,NA,NA,NA,NA,NA,NA,22442822.00,23310715.00,0.04
Sri Lanka,0.00,0.00,0.00,0.00,0.00,0.00,0.00,0.00,0.00,0.00,0.44,65610.00,305200.00,15.29,94.00,Colombo,18393.67,147.09,0.04,LKR,NA,531.27,2.05,0.33,50.27,0.88,87174682200.43,1.02,0.19,0.03,0.03,8.00,Colombo,"Gotabaya Rajapaksa (President), Thalatha Atukorale (Minister), Mahinda Rajapaksa (Prime Minister)",75.28,18959520000.00,30.00,0.35,NA,NA,NA,NA,NA,NA,NA,NA,NA,NA,NA,NA,NA,NA,NA,NA,NA,NA,NA,NA,21228763.00,21323733.00,0.00
Burkina Faso,NA,NA,NA,NA,NA,NA,NA,NA,NA,NA,0.44,274200.00,11450.00,38.92,226.00,Ouagadougou,2849.26,108.13,0.00,XOF,NA,NA,5.35,0.20,NA,0.98,12873114800.02,0.91,0.06,0.06,0.06,52.70,Fegué,"Roch Marc Christian Kaboré (President), Christophe Joseph Marie Dabiré (Prime Minister)",60.36,NA,371.00,0.34,NA,NA,NA,NA,NA,NA,NA,NA,NA,NA,NA,NA,NA,NA,NA,NA,NA,NA,NA,NA,19751466.00,20321378.00,0.03
Mali,NA,NA,NA,NA,NA,NA,NA,NA,NA,NA,0.34,1240192.00,17800.00,42.63,223.00,Bamako,1411.80,110.23,-0.02,XOF,"Mali, officially the Republic of Mali is a landlocked country in West Africa. Mali is the eighth-largest country in Africa, with an area of just over 1,240,000 square kilometres. The population of Mal",NA,6.06,0.04,NA,1.12,15288163367.26,0.77,0.05,0.06,0.06,68.00,Bamako,Boubou Cissé (Prime Minister),57.97,NA,587.00,0.23,NA,NA,NA,NA,NA,NA,NA,NA,NA,NA,NA,NA,NA,NA,NA,NA,NA,NA,NA,NA,19077749.00,19658031.00,0.03
Romania,NA,NA,NA,NA,NA,NA,NA,NA,NA,NA,0.60,238397.00,149200.00,9.60,40.00,Bucharest,70003.03,113.95,-0.02,RON,NA,2584.41,1.58,0.30,72.76,1.16,211803281924.74,0.89,0.48,0.05,0.05,7.70,Bucharest,"Klaus Iohannis (President), Ludovic Orban (Prime Minister)",75.01,14023920000.00,31.00,2.25,NA,NA,NA,NA,NA,NA,NA,NA,NA,NA,NA,NA,NA,NA,NA,NA,NA,NA,NA,NA,19506114.00,19364557.00,?0.73%
Malawi,NA,NA,NA,NA,NA,NA,NA,NA,NA,NA,0.61,118484.00,14900.00,36.70,265.00,Lilongwe,1276.12,342.18,0.22,MWK,NA,NA,4.57,0.33,NA,1.15,6303277590.80,1.39,0.01,0.09,0.09,38.90,Lilongwe,Saulos Chilima (Vice President),63.22,NA,634.00,0.12,NA,NA,NA,NA,NA,NA,NA,NA,NA,NA,NA,NA,NA,NA,NA,NA,NA,NA,NA,NA,18143217.00,18628747.00,0.03
Chile,NA,NA,NA,NA,NA,NA,NA,NA,NA,NA,0.21,756096.30,121900.00,13.28,56.00,Santiago,82562.51,125.35,0.04,CLP,NA,3911.65,1.77,0.24,73.28,1.03,277075944401.94,1.00,0.90,0.07,0.07,7.20,Santiago,Sebastián Piñera (President),79.52,294675740000.00,22.00,2.00,NA,NA,NA,NA,NA,NA,NA,NA,NA,NA,NA,NA,NA,NA,NA,NA,NA,NA,NA,NA,18729160.00,18952038.00,0.01
Kazakhstan,NA,NA,NA,NA,NA,NA,NA,NA,NA,NA,0.80,2724900.00,70500.00,22.52,7.00,Nur-Sultan,248314.57,169.28,0.15,KZT,NA,5600.21,2.73,0.01,99.17,0.42,159406926359.12,1.08,0.50,0.04,0.04,10.10,Almaty,"Kassym-Jomart Tokayev (President), Birzhan Nurymbetov (Minister), Askar Mamin (Prime Minister)",72.30,45558250000.00,12.00,0.41,NA,NA,NA,NA,NA,NA,NA,NA,NA,NA,NA,NA,NA,NA,NA,NA,NA,NA,NA,NA,18319618.00,18551427.00,0.01
Zambia,NA,NA,NA,NA,NA,NA,NA,NA,NA,NA,0.32,752618.00,16500.00,38.13,260.00,Lusaka,4503.08,180.95,0.18,ZMW,NA,707.19,4.98,0.65,10.57,1.40,25808666421.56,1.02,0.04,0.07,0.07,43.80,Lusaka,"Bwalya Ng’andu (Minister), Edgar Lungu (President), Inonge Wina (Vice President)",61.87,3184470000.00,224.00,0.24,NA,NA,NA,NA,NA,NA,NA,NA,NA,NA,NA,NA,NA,NA,NA,NA,NA,NA,NA,NA,17351708.00,17861030.00,0.03
Guatemala,NA,NA,NA,NA,NA,NA,NA,NA,NA,NA,0.35,108889.00,43050.00,25.27,502.00,Guatemala City,18327.67,132.84,0.04,GTQ,NA,577.89,2.97,0.33,37.38,0.79,75620095537.50,1.01,0.21,0.07,0.07,23.90,Guatemala City,"Alejandro Giammattei (President), Guillermo Castillo Reyes (Vice President)",73.41,NA,88.00,1.60,NA,NA,NA,NA,NA,NA,NA,NA,NA,NA,NA,NA,NA,NA,NA,NA,NA,NA,NA,NA,17247849.00,17581472.00,0.02
Ecuador,NA,NA,NA,NA,NA,NA,NA,NA,NA,NA,0.23,283561.00,40750.00,20.18,593.00,Quito,43919.66,124.10,0.02,USD,NA,1380.61,2.49,0.51,86.88,0.61,103056619000.00,1.04,0.46,0.06,0.06,17.80,Quito,"Lenín Moreno (President), Otto Sonnenholzner (Vice President)",76.33,747000000.00,64.00,2.46,NA,NA,NA,NA,NA,NA,NA,NA,NA,NA,NA,NA,NA,NA,NA,NA,NA,NA,NA,NA,17084358.00,17373662.00,0.02
Netherlands,0.00,0.00,0.00,0.00,0.00,0.00,0.00,0.00,0.00,0.00,0.55,41543.00,41310.00,10.10,31.00,Amsterdam,167303.21,111.04,0.00,NA,NA,6712.77,1.66,0.11,91.36,1.68,826200282501.13,1.03,0.80,0.12,0.12,3.20,Amsterdam,"Willem-Alexander of the Netherlands (Monarch), Lodewijk Asscher (Deputy prime minister), Mark Rutte (Prime Minister)",81.51,1100105440292.49,7.00,10.29,NA,NA,NA,NA,NA,NA,NA,NA,NA,NA,NA,NA,NA,NA,NA,NA,NA,NA,NA,NA,17059560.00,17097130.00,0.00
Syria,NA,NA,NA,NA,NA,NA,NA,NA,NA,NA,0.76,185180.00,307500.00,21.47,963.00,Damascus,30703.79,143.20,0.37,SYP,NA,949.59,2.92,0.03,97.66,0.83,40405006007.21,0.76,0.39,0.03,0.03,14.20,Aleppo,"Bashar al-Assad (President), Imad Khamis (Prime Minister), Farouk al-Sharaa (First Vice-President), Najah al-Attar (Vice President)",70.31,NA,68.00,1.02,NA,NA,NA,NA,NA,NA,NA,NA,NA,NA,NA,NA,NA,NA,NA,NA,NA,NA,NA,NA,16945057.00,17070135.00,0.01
Cambodia,NA,NA,NA,NA,NA,NA,NA,NA,NA,NA,0.31,181035.00,191300.00,23.30,855.00,Phnom Penh,6684.94,124.57,0.03,KHR,NA,271.43,2.56,0.54,30.68,0.90,22158209502.64,1.10,0.13,0.05,0.05,26.30,Phnom Penh,"Norodom Sihamoni (King), Hun Sen (Prime Minister), Aun Porn Moniroth (Minister)",68.98,NA,161.00,NA,NA,NA,NA,NA,NA,NA,NA,NA,NA,NA,NA,NA,NA,NA,NA,NA,NA,NA,NA,NA,16249792.00,16486542.00,0.01
Senegal,NA,NA,NA,NA,NA,NA,NA,NA,NA,NA,0.46,196722.00,18600.00,35.60,221.00,Dakar,8855.81,106.87,0.01,XOF,NA,223.50,4.77,0.43,53.67,1.14,16374743753.47,0.83,0.11,0.05,0.05,33.60,Pikine,Macky Sall (President),67.15,NA,315.00,0.31,NA,NA,NA,NA,NA,NA,NA,NA,NA,NA,NA,NA,NA,NA,NA,NA,NA,NA,NA,NA,15854323.00,16296364.00,0.03
Chad,NA,NA,NA,NA,NA,NA,NA,NA,NA,NA,0.40,1284000.00,39850.00,43.33,235.00,N'Djamena,729.73,115.91,0.04,XAF,NA,NA,5.95,0.04,NA,0.78,9981303726.23,0.88,0.03,0.03,0.03,75.20,N'Djamena,"Idriss Déby (President), Albert Pahimi Padacké (Prime Minister)",52.90,NA,856.00,0.60,NA,NA,NA,NA,NA,NA,NA,NA,NA,NA,NA,NA,NA,NA,NA,NA,NA,NA,NA,NA,15477729.00,15946876.00,0.03
Somalia,NA,NA,NA,NA,NA,NA,NA,NA,NA,NA,0.70,637657.00,19800.00,43.36,252.00,Mogadishu,608.72,NA,NA,SOS,NA,NA,6.27,0.10,NA,1.41,7368560694.66,0.24,0.02,NA,NA,82.60,Mogadishu,NA,56.29,NA,732.00,NA,NA,NA,NA,NA,NA,NA,NA,NA,NA,NA,NA,NA,NA,NA,NA,NA,NA,NA,NA,NA,15008226.00,15442905.00,0.03
Zimbabwe,NA,NA,NA,NA,NA,NA,NA,NA,NA,NA,0.42,390757.00,50800.00,33.14,263.00,Harare,12020.43,105.51,-0.02,NA,NA,537.00,3.76,0.36,29.10,1.34,17845821400.00,0.99,0.08,NA,NA,40.00,Harare,"Emmerson Mnangagwa (President), Constantine Chiwenga (Vice President)",61.16,2460690000.00,443.00,NA,NA,NA,NA,NA,NA,NA,NA,NA,NA,NA,NA,NA,NA,NA,NA,NA,NA,NA,NA,NA,14438802.00,14645468.00,0.01
Guinea,NA,NA,NA,NA,NA,NA,NA,NA,NA,NA,0.59,245857.00,12300.00,35.91,224.00,Conakry,2449.56,218.71,0.08,GNF,NA,NA,4.86,0.26,NA,0.90,10491474929.68,0.94,0.11,0.06,0.06,58.30,Conakry,"Alpha Condé (President), Tibou Kamara (Minister), Ibrahima Kassory Fofana (Prime Minister), Mamady Youla (Prime Minister)",60.02,NA,679.00,NA,NA,NA,NA,NA,NA,NA,NA,NA,NA,NA,NA,NA,NA,NA,NA,NA,NA,NA,NA,NA,12414293.00,12771246.00,0.03
Rwanda,NA,NA,NA,NA,NA,NA,NA,NA,NA,NA,0.73,26338.00,35000.00,31.11,250.00,Kigali,839.74,146.63,0.06,RWF,NA,NA,3.89,0.19,NA,1.17,9136689514.09,1.37,0.08,0.11,0.11,29.20,Kigali,"Paul Kagame (President), Édouard Ngirente (Prime Minister)",67.13,NA,290.00,NA,NA,NA,NA,NA,NA,NA,NA,NA,NA,NA,NA,NA,NA,NA,NA,NA,NA,NA,NA,NA,12301970.00,12626950.00,0.03
Benin,NA,NA,NA,NA,NA,NA,NA,NA,NA,NA,0.33,114763.00,9750.00,37.03,229.00,Porto-Novo,6318.24,108.97,-0.01,XOF,NA,100.23,4.98,0.38,44.38,0.72,9273558271.65,1.32,0.13,0.04,0.04,63.10,Cotonou,Patrice Talon (President),60.91,NA,405.00,0.39,NA,NA,NA,NA,NA,NA,NA,NA,NA,NA,NA,NA,NA,NA,NA,NA,NA,NA,NA,NA,11485044.00,11801151.00,0.03
Tunisia,NA,NA,NA,NA,NA,NA,NA,NA,NA,NA,0.65,163610.00,47800.00,18.30,216.00,Tunis,28829.95,138.44,0.04,TND,NA,1444.11,2.20,0.07,88.36,0.73,40256675208.73,1.15,0.33,0.07,0.07,11.70,Tunis,Kais Saied (President),75.73,8922590000.00,62.00,0.47,NA,NA,NA,NA,NA,NA,NA,NA,NA,NA,NA,NA,NA,NA,NA,NA,NA,NA,NA,NA,11565201.00,11694719.00,0.01
Belgium,50.00,50.00,50.00,50.00,50.00,50.00,50.00,50.00,50.00,50.00,0.44,30528.00,33800.00,10.80,32.00,City of Brussels,93350.82,113.13,0.02,EUR,NA,7709.12,1.70,0.23,75.75,1.43,492681283049.25,1.03,0.75,0.11,0.11,3.10,Brussels,"Daniel Bacquelaine (Minister), Philippe of Belgium (Monarch), Sophie Wilmès (Prime Minister)",80.99,437793522325.46,7.00,1501.82,NA,NA,NA,NA,NA,NA,NA,NA,NA,NA,NA,NA,NA,NA,NA,NA,NA,NA,NA,NA,11482178.00,11539328.00,0.01
Bolivia,NA,NA,NA,NA,NA,NA,NA,NA,NA,NA,0.35,1098581.00,71200.00,23.25,591.00,Sucre,20410.52,142.40,0.04,BOB,NA,752.69,2.88,0.51,85.20,0.71,37508642112.88,0.98,NA,0.06,0.06,29.50,Santa Cruz de la Sierra,Jeanine Áñez Chávez (President),69.13,NA,206.00,1.36,NA,NA,NA,NA,NA,NA,NA,NA,NA,NA,NA,NA,NA,NA,NA,NA,NA,NA,NA,NA,11353142.00,11513100.00,0.01
Cuba,NA,NA,NA,NA,NA,NA,NA,NA,NA,NA,0.60,109884.00,75500.00,10.87,53.00,Havana,34836.50,NA,NA,CUC,NA,1434.03,1.72,0.31,85.76,1.40,87132800000.00,1.01,0.34,0.09,0.09,4.20,Havana,"Miguel Díaz-Canel (President), Salvador Valdés Mesa (Vice President), Manuel Marrero Cruz (Prime Minister)",79.74,NA,39.00,0.05,NA,NA,NA,NA,NA,NA,NA,NA,NA,NA,NA,NA,NA,NA,NA,NA,NA,NA,NA,NA,11338134.00,11333483.00,?0.04%
Haiti,NA,NA,NA,NA,NA,NA,NA,NA,NA,NA,0.67,27750.00,200.00,24.18,509.00,Port-au-Prince,2860.26,181.49,0.14,HTG,NA,38.97,2.92,0.04,22.02,0.81,8408150517.98,1.12,0.01,0.06,0.06,50.90,Port-au-Prince,"Jovenel Moïse (President), Fritz William Michel (Prime Minister), Fritz-William Michel (Prime Minister)",63.33,NA,359.00,0.25,NA,NA,NA,NA,NA,NA,NA,NA,NA,NA,NA,NA,NA,NA,NA,NA,NA,NA,NA,NA,11123178.00,11263770.00,0.01
South Sudan,NA,NA,NA,NA,NA,NA,NA,NA,NA,NA,NA,644329.00,185000.00,35.94,211.00,Juba,1496.14,4583.71,3.81,SSP,NA,39.89,4.86,NA,72.22,0.28,2904114903.23,0.67,NA,0.03,0.03,59.20,Juba,"Taban Deng Gai (Vice President), James Wani Igga (Vice President)",56.81,NA,789.00,NA,NA,NA,NA,NA,NA,NA,NA,NA,NA,NA,NA,NA,NA,NA,NA,NA,NA,NA,NA,NA,10975927.00,11062113.00,0.01
Burundi,NA,NA,NA,NA,NA,NA,NA,NA,NA,NA,0.79,27834.00,51050.00,42.25,257.00,Bujumbura,440.04,188.68,0.06,BIF,NA,NA,5.70,0.11,NA,1.21,3477502178.28,1.31,0.05,0.08,0.08,48.40,Bujumbura,"Pierre Nkurunziza (President), Gaston Sindimwo (Vice President), Dr. Joseph Butore (Vice President)",57.48,NA,712.00,NA,NA,NA,NA,NA,NA,NA,NA,NA,NA,NA,NA,NA,NA,NA,NA,NA,NA,NA,NA,NA,10524117.00,10864245.00,0.03
Dominican Republic,NA,NA,NA,NA,NA,NA,NA,NA,NA,NA,0.49,48670.00,71050.00,20.17,1.00,Santo Domingo,21539.96,128.64,0.02,DOP,NA,1578.15,2.42,0.41,86.54,1.07,75931656814.66,1.02,0.53,0.05,0.05,25.50,Santo Domingo,"Danilo Medina (President), Margarita Cedeño de Fernández (Vice President)",73.86,NA,92.00,0.40,NA,NA,NA,NA,NA,NA,NA,NA,NA,NA,NA,NA,NA,NA,NA,NA,NA,NA,NA,NA,10627141.00,10738958.00,0.01
Czech Republic,106.96,106.96,106.96,106.96,106.96,106.96,106.96,106.96,106.96,106.96,0.55,78866.00,23200.00,10.70,420.00,Prague,96475.10,110.87,0.01,CZK,NA,6258.89,1.57,0.35,75.96,1.17,215725534372.37,0.99,0.64,0.08,0.08,2.50,Prague,Andrej Babiš (Prime Minister),78.33,40912350000.00,4.00,3.00,NA,NA,NA,NA,NA,NA,NA,NA,NA,NA,NA,NA,NA,NA,NA,NA,NA,NA,NA,NA,10665677.00,10689209.00,0.00
Greece,NA,NA,NA,NA,NA,NA,NA,NA,NA,NA,0.60,131957.00,145350.00,8.60,30.00,Athens,67318.79,101.06,-0.01,EUR,NA,5062.61,1.33,0.31,85.12,1.54,200288277129.04,0.95,1.17,0.09,0.09,3.10,Macedonia,Prokopis Pavlopoulos (President),81.04,50605060000.00,3.00,683.76,NA,NA,NA,NA,NA,NA,NA,NA,NA,NA,NA,NA,NA,NA,NA,NA,NA,NA,NA,NA,10522246.00,10473455.00,?0.46%
Portugal,0.00,0.00,0.00,0.00,0.00,0.00,0.00,0.00,0.00,0.00,0.40,92212.00,74500.00,8.40,351.00,Lisbon,45052.76,109.17,0.01,EUR,NA,4662.60,1.31,0.35,76.88,1.54,217571083045.99,1.05,0.63,0.09,0.09,2.90,Lisbon,"António Costa (Prime Minister), Marcelo Rebelo de Sousa (President)",81.13,75589628811.64,10.00,3.78,NA,NA,NA,NA,NA,NA,NA,NA,NA,NA,NA,NA,NA,NA,NA,NA,NA,NA,NA,NA,10256193.00,10226187.00,?0.29%
Jordan,NA,NA,NA,NA,NA,NA,NA,NA,NA,NA,0.12,89342.00,115500.00,26.47,962.00,Amman,26450.07,119.34,-0.01,JOD,NA,1888.12,3.38,0.01,97.61,1.10,40068308516.28,1.00,0.36,0.10,0.10,15.10,Amman,"Abdullah II of Jordan (Monarch), Ayman Safadi (Minister), Muhyiddine Touq (Minister), Mohamad Al-Ississ ?. ???? ????? ?????? (Minister), Wissam Rabadi (Minister), Basim Tweissi (Minister), Ezzeddine Kanakrieh (Minister), Khalid Saif (Minister), Ibrahim Shahahdeh (Minister), Tayseer Nueimi (Minister)",74.33,23968560000.00,58.00,1.49,NA,NA,NA,NA,NA,NA,NA,NA,NA,NA,NA,NA,NA,NA,NA,NA,NA,NA,NA,NA,9965318.00,10101694.00,0.01
Azerbaijan,NA,NA,NA,NA,NA,NA,NA,NA,NA,NA,0.58,86600.00,81950.00,16.30,994.00,Baku,37487.74,149.47,0.04,AZN,NA,2202.39,1.94,0.14,98.37,0.56,39207000000.00,1.06,0.27,0.05,0.05,27.20,Baku,"Mehriban Aliyeva (Vice President), Ilham Aliyev (President), Ali Asadov (Prime Minister)",72.03,3220000.00,25.00,0.47,NA,NA,NA,NA,NA,NA,NA,NA,NA,NA,NA,NA,NA,NA,NA,NA,NA,NA,NA,NA,9949537.00,10047718.00,0.01
Sweden,464.47,464.47,464.47,464.47,464.47,464.47,464.47,464.47,464.47,464.47,0.07,450295.00,30550.00,11.80,46.00,Stockholm,43420.95,106.49,0.01,SEK,NA,13480.15,1.85,0.69,26.84,1.42,538040458217.00,1.23,0.62,0.10,0.10,2.40,Västergötland,"Carl XVI Gustaf of Sweden (Monarch), Stefan Löfven (Prime Minister)",82.20,289877140000.00,4.00,NA,NA,NA,NA,NA,NA,NA,NA,NA,NA,NA,NA,NA,NA,NA,NA,NA,NA,NA,NA,NA,9971638.00,10036379.00,0.01
United Arab Emirates,136.89,136.89,136.89,136.89,136.89,136.89,136.89,136.89,136.89,136.89,0.05,83600.00,63000.00,9.59,971.00,Abu Dhabi,211369.55,113.30,0.02,AED,NA,11263.53,1.75,0.04,99.81,0.49,382575085091.90,1.11,0.37,0.03,0.03,6.60,Dubai,"Khalifa bin Zayed Al Nahyan (President), Sultan bin Mohamed Al-Qasimi (Emir), Mohammed bin Rashid Al Maktoum (Prime Minister)",77.26,239387430000.00,6.00,NA,NA,NA,NA,NA,NA,NA,NA,NA,NA,NA,NA,NA,NA,NA,NA,NA,NA,NA,NA,NA,9630959.00,9770529.00,0.01
Honduras,NA,NA,NA,NA,NA,NA,NA,NA,NA,NA,0.29,112492.00,22700.00,21.72,504.00,Tegucigalpa,9471.86,138.05,0.03,HNL,NA,630.14,2.46,0.41,52.48,0.98,22978532896.78,0.96,0.20,0.09,0.09,16.00,Tegucigalpa,"Juan Orlando Hernández (President), Ricardo Álvarez (First Vice-President)",73.58,NA,129.00,1.01,NA,NA,NA,NA,NA,NA,NA,NA,NA,NA,NA,NA,NA,NA,NA,NA,NA,NA,NA,NA,9587522.00,9746117.00,0.02
Hungary,NA,NA,NA,NA,NA,NA,NA,NA,NA,NA,0.59,93030.00,39800.00,9.70,36.00,Budapest,42086.16,114.45,0.00,HUF,NA,3965.96,1.45,0.23,69.32,1.18,139135029758.29,1.02,0.48,0.08,0.08,4.40,Budapest,"János Áder (President), Viktor Orbán (Prime Minister)",75.57,31553860000.00,17.00,2.62,NA,NA,NA,NA,NA,NA,NA,NA,NA,NA,NA,NA,NA,NA,NA,NA,NA,NA,NA,NA,9707499.00,9684679.00,?0.24%
Belarus,NA,NA,NA,NA,NA,NA,NA,NA,NA,NA,0.42,207600.00,155350.00,12.40,375.00,Minsk,63497.77,288.65,0.12,BYN,NA,3679.98,1.73,0.43,92.44,0.60,54442374372.51,1.02,0.87,0.05,0.05,2.90,Minsk,"Alexander Lukashenko (President), Syarhey Rumas (Prime Minister)",73.83,NA,4.00,1.49,NA,NA,NA,NA,NA,NA,NA,NA,NA,NA,NA,NA,NA,NA,NA,NA,NA,NA,NA,NA,9452617.00,9452411.00,0.00
Tajikistan,NA,NA,NA,NA,NA,NA,NA,NA,NA,NA,0.34,143100.00,16300.00,28.84,992.00,Dushanbe,5188.81,148.57,0.06,TJS,NA,1479.78,3.36,0.03,54.90,0.71,7145701018.75,0.99,0.31,0.06,0.06,37.10,Dushanbe,Kokhir Rasulzoda (Prime Minister),71.05,NA,32.00,0.23,NA,NA,NA,NA,NA,NA,NA,NA,NA,NA,NA,NA,NA,NA,NA,NA,NA,NA,NA,NA,9100835.00,9321018.00,0.02
Austria,1.18,1.18,1.18,1.18,1.18,1.18,1.18,1.18,1.18,1.18,0.33,83871.00,22400.00,10.00,43.00,Vienna,58712.34,114.00,0.01,EUR,NA,8355.84,1.49,0.47,66.00,1.20,416595666396.64,1.02,0.83,0.11,0.11,2.90,Vienna,"Alexander Van der Bellen (President), Sebastian Kurz (Chancellor), Mario Kunasek (Minister)",80.89,150645990000.00,4.00,NA,NA,NA,NA,NA,NA,NA,NA,NA,NA,NA,NA,NA,NA,NA,NA,NA,NA,NA,NA,NA,8891388.00,8955102.00,0.01
Papua New Guinea,NA,NA,NA,NA,NA,NA,NA,NA,NA,NA,0.03,462840.00,3600.00,27.61,675.00,Port Moresby,6318.24,136.34,0.07,PGK,NA,NA,3.66,0.74,NA,1.36,21088758484.75,1.12,0.02,0.05,0.05,42.40,Port Moresby,"Elizabeth II (Monarch), James Marape (Prime Minister)",65.54,12592450000.00,215.00,1.16,NA,NA,NA,NA,NA,NA,NA,NA,NA,NA,NA,NA,NA,NA,NA,NA,NA,NA,NA,NA,8606323.00,8776109.00,0.02
Serbia,NA,NA,NA,NA,NA,NA,NA,NA,NA,NA,0.40,88361.00,31850.00,9.20,381.00,Belgrade,37667.42,138.67,0.01,RSD,NA,4271.74,1.46,0.31,83.87,1.16,41431648801.17,1.01,0.62,0.10,0.10,5.10,Belgrade,"Ana Brnabi? (Prime Minister), Aleksandar Vu?i? (President), Zorana Mihajlovi? (Minister)",75.24,1791690000.00,17.00,1.57,NA,NA,NA,NA,NA,NA,NA,NA,NA,NA,NA,NA,NA,NA,NA,NA,NA,NA,NA,NA,8802754.00,8772235.00,?0.35%
Switzerland,25.00,25.00,25.00,25.00,25.00,25.00,25.00,25.00,25.00,25.00,0.38,41285.00,20950.00,10.50,41.00,Bern,35305.88,98.27,0.00,CHF,NA,7520.17,1.54,0.32,50.08,1.45,678887336848.25,1.04,0.58,0.11,0.11,3.60,Northwestern Switzerland,Walter Thurnherr (Chancellor),82.90,1686497070000.00,5.00,NA,NA,NA,NA,NA,NA,NA,NA,NA,NA,NA,NA,NA,NA,NA,NA,NA,NA,NA,NA,NA,8525611.00,8591365.00,0.01
Israel,115.00,115.00,115.00,115.00,115.00,115.00,115.00,115.00,115.00,115.00,0.25,20770.00,184500.00,21.20,972.00,Jerusalem,64601.54,106.40,-0.01,ILS,NA,6600.90,3.11,0.08,96.34,1.57,350850537827.28,1.04,0.64,0.08,0.08,2.90,Jerusalem,"Benjamin Netanyahu (Prime Minister), Avigdor Lieberman (Minister), Moshe Kahlon (Minister), Reuven Rivlin (President)",82.41,231048760000.00,5.00,7.58,NA,NA,NA,NA,NA,NA,NA,NA,NA,NA,NA,NA,NA,NA,NA,NA,NA,NA,NA,NA,8381516.00,8519377.00,0.02
Togo,NA,NA,NA,NA,NA,NA,NA,NA,NA,NA,0.70,56785.00,9300.00,34.03,228.00,Lomé,2621.91,110.38,0.01,XOF,NA,152.72,4.45,0.03,17.20,0.71,4812554346.15,1.24,0.12,0.09,0.09,50.70,Lomé,"Komi Klassou (Prime Minister), Faure Gnassingbé (President)",60.23,NA,368.00,0.34,NA,NA,NA,NA,NA,NA,NA,NA,NA,NA,NA,NA,NA,NA,NA,NA,NA,NA,NA,NA,7889093.00,8082366.00,0.02
Sierra Leone,NA,NA,NA,NA,NA,NA,NA,NA,NA,NA,0.55,71740.00,8500.00,35.01,232.00,Freetown,1309.12,175.78,0.11,SLL,NA,NA,4.46,0.42,NA,1.08,3774270392.41,1.15,0.02,0.15,0.15,83.30,Freetown,"Alfred Palo Conteh (Minister), Mohamed Juldeh Jalloh (Vice President), David J. Francis (Chief Minister)",51.84,NA,1360.00,0.57,NA,NA,NA,NA,NA,NA,NA,NA,NA,NA,NA,NA,NA,NA,NA,NA,NA,NA,NA,NA,7650150.00,7813215.00,0.02
Hong Kong,0.00,0.00,0.00,0.00,0.00,0.00,0.00,0.00,0.00,0.00,0.05,1108.00,NA,8.30,852.00,"Tamar, Hong Kong",46222.54,125.92,0.02,NA,NA,6083.27,1.21,NA,93.17,1.86,341449340450.65,1.07,0.72,NA,NA,NA,Kowloon,Carrie Lam (Chief executive),84.23,4350514610000.00,NA,4.44,NA,NA,NA,NA,NA,NA,NA,NA,NA,NA,NA,NA,NA,NA,NA,NA,NA,NA,NA,NA,7371730.00,7436154.00,0.01
Laos,NA,NA,NA,NA,NA,NA,NA,NA,NA,NA,0.10,236800.00,129100.00,23.85,856.00,Vientiane,1954.51,128.87,0.02,LAK,NA,NA,2.70,0.81,NA,0.93,16853079615.35,1.10,0.17,0.03,0.03,48.90,Vientiane,"Bounnhang Vorachith (President), Thongloun Sisoulith (Prime Minister), Phankham Viphavan (Vice President)",66.68,NA,197.00,0.83,NA,NA,NA,NA,NA,NA,NA,NA,NA,NA,NA,NA,NA,NA,NA,NA,NA,NA,NA,NA,7061507.00,7169455.00,0.02
Paraguay,NA,NA,NA,NA,NA,NA,NA,NA,NA,NA,0.55,406752.00,25450.00,20.95,595.00,Asunción,5702.19,134.61,0.04,PYG,NA,1563.51,2.48,0.39,33.70,1.04,29734895248.91,1.06,0.35,0.10,0.10,17.00,Ciudad del Este,"Mario Abdo Benítez (President), Hugo Velázquez Moreno (Vice President)",73.12,312800000.00,132.00,1.55,NA,NA,NA,NA,NA,NA,NA,NA,NA,NA,NA,NA,NA,NA,NA,NA,NA,NA,NA,NA,6956066.00,7044636.00,0.01
Bulgaria,NA,NA,NA,NA,NA,NA,NA,NA,NA,NA,0.46,110993.60,31300.00,9.10,359.00,Sofia,42416.19,107.94,-0.01,BGN,NA,4708.93,1.53,0.35,71.04,1.11,56831518294.44,0.95,0.71,0.07,0.07,6.50,Sofia,"Rumen Radev (President), Boyko Borisov (Prime Minister)",74.61,8253250000.00,11.00,1.57,NA,NA,NA,NA,NA,NA,NA,NA,NA,NA,NA,NA,NA,NA,NA,NA,NA,NA,NA,NA,7051608.00,7000119.00,?0.73%
Lebanon,NA,NA,NA,NA,NA,NA,NA,NA,NA,NA,0.64,10452.00,80000.00,15.47,961.00,Beirut,24070.19,119.00,-0.01,LBP,NA,2892.77,1.72,0.13,97.62,0.74,51844487742.02,0.89,0.38,0.08,0.08,6.90,Tripoli,"Hassan Diab (Prime Minister), Michel Aoun (President), Hussein Hajj Hassan (Minister)",79.58,11491770000.00,15.00,2.15,NA,NA,NA,NA,NA,NA,NA,NA,NA,NA,NA,NA,NA,NA,NA,NA,NA,NA,NA,NA,6859408.00,6855713.00,?0.05%
Libya,NA,NA,NA,NA,NA,NA,NA,NA,NA,NA,0.09,1759541.00,0.00,19.67,218.00,Tripoli,56996.18,125.71,0.03,LYD,NA,1857.16,2.27,0.00,99.11,0.11,50984362478.50,1.09,0.61,0.04,0.04,11.00,Tripoli,Fayez al-Sarraj (Prime Minister),71.93,NA,9.00,1.88,NA,NA,NA,NA,NA,NA,NA,NA,NA,NA,NA,NA,NA,NA,NA,NA,NA,NA,NA,NA,6678559.00,6777452.00,0.01
Nicaragua,NA,NA,NA,NA,NA,NA,NA,NA,NA,NA,0.42,130375.00,12000.00,19.51,505.00,Managua,4862.44,147.16,0.04,NIO,NA,580.48,2.20,0.26,40.92,0.91,13814261535.54,1.23,0.18,0.08,0.08,16.80,Managua,"Daniel Ortega (President), Rosario Murillo (Vice President)",75.40,NA,150.00,0.54,NA,NA,NA,NA,NA,NA,NA,NA,NA,NA,NA,NA,NA,NA,NA,NA,NA,NA,NA,NA,6465501.00,6545502.00,0.01
El Salvador,NA,NA,NA,NA,NA,NA,NA,NA,NA,NA,0.77,21041.00,41500.00,18.54,503.00,San Salvador,6285.24,109.95,0.01,USD,NA,939.15,2.08,0.13,48.43,0.83,24805439600.00,1.00,0.28,0.07,0.07,12.90,San Salvador,"Nayib Bukele (President), Félix Ulloa (Vice President)",73.51,NA,54.00,0.50,NA,NA,NA,NA,NA,NA,NA,NA,NA,NA,NA,NA,NA,NA,NA,NA,NA,NA,NA,NA,6420746.00,6453553.00,0.01
Kyrgyzstan,NA,NA,NA,NA,NA,NA,NA,NA,NA,NA,0.55,199951.00,20400.00,26.00,996.00,Bishkek,9607.54,151.59,0.00,KGS,NA,1941.22,3.10,0.03,69.30,0.56,7564738836.04,1.06,0.46,0.07,0.07,18.80,Bishkek,"Sooronbay Jeenbekov (President), Mukhammedkalyi Abylgaziev (Prime Minister)",70.95,NA,76.00,0.09,NA,NA,NA,NA,NA,NA,NA,NA,NA,NA,NA,NA,NA,NA,NA,NA,NA,NA,NA,NA,6304030.00,6415850.00,0.02
Turkmenistan,NA,NA,NA,NA,NA,NA,NA,NA,NA,NA,0.72,491210.00,41500.00,25.37,993.00,Ashgabat,68422.55,NA,NA,TMT,NA,2678.81,2.89,0.09,NA,0.29,42355428571.43,0.88,0.08,0.02,0.02,43.40,Ashgabat,"Gurbanguly Berdimuhamedow (President), Ra?it Meredow (Vice President)",67.84,NA,42.00,0.88,NA,NA,NA,NA,NA,NA,NA,NA,NA,NA,NA,NA,NA,NA,NA,NA,NA,NA,NA,NA,5850901.00,5942089.00,0.02
Singapore,0.00,0.00,0.00,0.00,0.00,0.00,0.00,0.00,0.00,0.00,0.01,719.10,147600.00,9.40,65.00,Singapore,56372.79,113.27,-0.01,SGD,NA,8844.69,1.20,0.23,97.52,1.25,323907234412.34,1.01,0.06,0.05,0.05,2.20,NA,"Lee Hsien Loong (Prime Minister), Ong Ye Kung (Minister)",82.80,787255330000.00,10.00,NA,NA,NA,NA,NA,NA,NA,NA,NA,NA,NA,NA,NA,NA,NA,NA,NA,NA,NA,NA,NA,5757499.00,5804337.00,0.01
Denmark,75.00,75.00,75.00,75.00,75.00,75.00,75.00,75.00,75.00,75.00,0.62,43094.00,16100.00,10.80,45.00,Copenhagen,33498.05,108.63,0.00,DKK,NA,5858.80,1.71,0.15,65.73,1.55,324871968807.47,1.02,0.81,0.11,0.11,3.70,Copenhagen,"Margrethe II of Denmark (Monarch), Kristian Jensen (Deputy prime minister), Karsten Lauritzen (Minister), Mette Frederiksen (Prime Minister)",80.70,151349870000.00,6.00,NA,NA,NA,NA,NA,NA,NA,NA,NA,NA,NA,NA,NA,NA,NA,NA,NA,NA,NA,NA,NA,5752126.00,5771876.00,0.00
Finland,0.00,0.00,0.00,0.00,0.00,0.00,0.00,0.00,0.00,0.00,0.07,338145.00,24200.00,9.60,358.00,Helsinki,47300.63,110.00,0.00,EUR,NA,15249.99,1.65,0.73,39.69,1.45,251884887972.77,1.00,0.87,0.09,0.09,1.90,Helsinki,"Sauli Niinistö (President), Sanna Marin (Prime Minister)",81.78,183765380000.00,3.00,NA,NA,NA,NA,NA,NA,NA,NA,NA,NA,NA,NA,NA,NA,NA,NA,NA,NA,NA,NA,NA,5522576.00,5532156.00,0.00
Slovakia,NA,NA,NA,NA,NA,NA,NA,NA,NA,NA,0.40,49035.00,15850.00,10.60,421.00,Bratislava,30678.12,109.59,-0.01,EUR,NA,5137.07,1.40,0.40,64.64,1.32,95769031980.14,0.99,0.53,0.08,0.08,4.90,Bratislava,"Zuzana ?aputová (President), Peter Pellegrini (Prime Minister)",76.56,4801320000.00,6.00,3.11,NA,NA,NA,NA,NA,NA,NA,NA,NA,NA,NA,NA,NA,NA,NA,NA,NA,NA,NA,NA,5453014.00,5457013.00,0.00
Congo,NA,NA,NA,NA,NA,NA,NA,NA,NA,NA,0.31,342000.00,12000.00,34.63,242.00,Brazzaville,3094.95,118.53,0.05,XAF,NA,197.29,4.66,0.65,40.48,0.97,8722553000.84,1.04,0.09,0.03,0.03,38.50,Brazzaville,"Denis Sassou Nguesso (President), Clément Mouamba (Prime Minister)",64.63,NA,442.00,0.88,NA,NA,NA,NA,NA,NA,NA,NA,NA,NA,NA,NA,NA,NA,NA,NA,NA,NA,NA,NA,5244359.00,5380508.00,0.03
Norway,0.00,0.00,0.00,0.00,0.00,0.00,0.00,0.00,0.00,0.00,0.03,385207.00,23950.00,11.20,47.00,Oslo,47627.00,114.55,0.04,NOK,NA,22999.93,1.72,0.33,58.47,1.78,398831956477.94,1.00,0.81,0.09,0.09,2.10,Oslo,"Harald V of Norway (King), Tone Wilhelmsen Trøen (President), Erna Solberg (Prime Minister)",82.51,287192200000.00,5.00,NA,NA,NA,NA,NA,NA,NA,NA,NA,NA,NA,NA,NA,NA,NA,NA,NA,NA,NA,NA,NA,5337962.00,5378857.00,0.01
Costa Rica,NA,NA,NA,NA,NA,NA,NA,NA,NA,NA,0.35,51100.00,9800.00,14.29,506.00,San Jose,7759.37,123.46,0.00,CRC,NA,1957.93,1.78,0.54,49.48,0.98,57057372468.04,1.10,0.54,0.10,0.10,7.70,San Jose,"Carlos Alvarado Quesada (President), Epsy Campbell Barr (Vice President), Marvin Rodríguez Cordero (Vice President)",79.83,1498420000.00,25.00,1.84,NA,NA,NA,NA,NA,NA,NA,NA,NA,NA,NA,NA,NA,NA,NA,NA,NA,NA,NA,NA,4999441.00,5047561.00,0.01
Palestinian National Authority,NA,NA,NA,NA,NA,NA,NA,NA,NA,NA,NA,6220.00,NA,NA,NA,NA,NA,NA,NA,NA,NA,NA,4.45,NA,NA,NA,4015865744.00,NA,NA,NA,NA,NA,NA,Mahmoud Abbas (President),72.64,NA,NA,NA,NA,NA,NA,NA,NA,NA,NA,NA,NA,NA,NA,NA,NA,NA,NA,NA,NA,NA,NA,NA,4862979.00,4981420.00,0.02
Oman,6.00,6.00,6.00,6.00,6.00,6.00,6.00,6.00,6.00,6.00,0.05,309500.00,47000.00,18.73,968.00,Muscat,61169.23,112.39,0.01,OMR,NA,6553.52,2.67,0.00,100.00,0.45,72642652795.84,1.09,0.45,0.03,0.03,9.20,Muscat,Fahd bin Mahmoud al Said (Deputy prime minister),77.03,21298880000.00,17.00,4.33,NA,NA,NA,NA,NA,NA,NA,NA,NA,NA,NA,NA,NA,NA,NA,NA,NA,NA,NA,NA,4829473.00,4974986.00,0.03
Liberia,NA,NA,NA,NA,NA,NA,NA,NA,NA,NA,0.28,111369.00,2050.00,34.32,231.00,Monrovia,935.09,180.58,0.09,NA,NA,NA,4.58,0.43,NA,0.80,2158000000.00,0.94,0.12,0.16,0.16,51.20,Monrovia,"George Weah (President), Jewel Taylor (Vice President)",62.51,NA,725.00,0.17,NA,NA,NA,NA,NA,NA,NA,NA,NA,NA,NA,NA,NA,NA,NA,NA,NA,NA,NA,NA,4818973.00,4937374.00,0.02
Ireland,0.00,0.00,0.00,0.00,0.00,0.00,0.00,0.00,0.00,0.00,0.64,70273.00,9100.00,13.50,353.00,Dublin,34066.43,105.08,0.00,EUR,NA,5672.06,1.92,0.11,85.36,1.37,333730764773.18,1.01,0.84,0.08,0.08,3.00,Connacht,"Michael D. Higgins (President), Leo Varadkar (Prime Minister)",81.61,146554130000.00,8.00,10.79,NA,NA,NA,NA,NA,NA,NA,NA,NA,NA,NA,NA,NA,NA,NA,NA,NA,NA,NA,NA,4818690.00,4882495.00,0.01
New Zealand,NA,NA,NA,NA,NA,NA,NA,NA,NA,NA,0.42,268021.00,9000.00,12.65,64.00,Wellington,34664.15,110.65,0.01,NZD,NA,9026.32,1.87,0.39,59.37,1.40,205852838254.71,0.99,0.82,0.10,0.10,4.50,Auckland,"Jacinda Ardern (Prime Minister), Elizabeth II (Monarch), Patsy Reddy (Governor-general)",81.61,94691280000.00,11.00,11.49,NA,NA,NA,NA,NA,NA,NA,NA,NA,NA,NA,NA,NA,NA,NA,NA,NA,NA,NA,NA,4743131.00,4783063.00,0.01
Central African Republic,NA,NA,NA,NA,NA,NA,NA,NA,NA,NA,0.08,622984.00,8150.00,35.70,236.00,Bangui,300.69,186.86,0.37,XAF,NA,NA,4.87,0.36,NA,1.41,1949411659.20,1.06,0.03,0.04,0.04,88.50,Bangui,"Faustin-Archange Touadéra (President), Firmin Ngrébada (Prime Minister)",52.17,NA,882.00,0.37,NA,NA,NA,NA,NA,NA,NA,NA,NA,NA,NA,NA,NA,NA,NA,NA,NA,NA,NA,NA,4666368.00,4745185.00,0.02
Mauritania,NA,NA,NA,NA,NA,NA,NA,NA,NA,NA,0.39,1030700.00,20850.00,34.16,222.00,Nouakchott,2709.91,128.06,0.01,MRU,NA,NA,4.67,0.00,NA,1.13,5024705934.34,0.94,0.05,0.06,0.06,54.40,Nouakchott,"Mohamed Ould Ghazouani (President), Ismail Ould Bedde Ould Cheikh Sidiya (Prime Minister)",63.24,NA,602.00,0.53,NA,NA,NA,NA,NA,NA,NA,NA,NA,NA,NA,NA,NA,NA,NA,NA,NA,NA,NA,NA,4403313.00,4525696.00,0.03
Panama,NA,NA,NA,NA,NA,NA,NA,NA,NA,NA,0.30,75420.00,22050.00,19.53,507.00,Panama City,8800.80,121.58,0.01,NA,NA,2062.76,2.51,0.62,80.71,0.74,61838175800.00,0.96,0.47,0.08,0.08,14.10,Panama City,"Cattleman Laurentino Cortizo (President), Jose Gabriel Carrizo (Vice President)",78.00,15023710000.00,94.00,1.53,NA,NA,NA,NA,NA,NA,NA,NA,NA,NA,NA,NA,NA,NA,NA,NA,NA,NA,NA,NA,4176869.00,4246439.00,0.02
Kuwait,10.55,10.55,10.55,10.55,10.55,10.55,10.55,10.55,10.55,10.55,0.08,17818.00,22600.00,16.42,965.00,Kuwait City,95408.01,124.56,0.03,KWD,NA,15213.42,1.97,0.00,100.00,0.35,120126277612.93,1.01,0.33,0.03,0.03,7.20,Kuwait City,Sabah Al-Khalid Al-Sabah (Prime Minister),74.69,107063210000.00,4.00,0.95,NA,NA,NA,NA,NA,NA,NA,NA,NA,NA,NA,NA,NA,NA,NA,NA,NA,NA,NA,NA,4137312.00,4207083.00,0.02
Croatia,NA,NA,NA,NA,NA,NA,NA,NA,NA,NA,0.27,56594.00,18550.00,9.00,385.00,Zagreb,16842.53,107.31,-0.01,HRK,NA,3714.38,1.40,0.34,70.70,1.26,54849180228.87,0.95,0.67,0.07,0.07,4.00,Zagreb,"Zoran Milanovi? (President), Andrej Plenkovi? (Prime Minister)",78.02,22764800000.00,8.00,2.92,NA,NA,NA,NA,NA,NA,NA,NA,NA,NA,NA,NA,NA,NA,NA,NA,NA,NA,NA,NA,4156405.00,4130304.00,?0.63%
Moldova,NA,NA,NA,NA,NA,NA,NA,NA,NA,NA,0.75,33846.00,7550.00,10.32,373.00,Chi?in?u,4932.12,153.84,0.06,MDL,"Moldova, officially the Republic of Moldova, is a landlocked country in Eastern Europe, bordered by Romania to the west and Ukraine to the north, east, and south. The capital city is Chi?in?u.",1386.23,1.24,0.12,88.69,0.80,8128493432.08,0.92,0.41,0.12,0.12,13.70,Chi?in?u,"Zinaida Greceanîi (President), Pavel Filip (President), Ion Chicu (Prime Minister)",71.61,NA,23.00,0.31,NA,NA,NA,NA,NA,NA,NA,NA,NA,NA,NA,NA,NA,NA,NA,NA,NA,NA,NA,NA,4051944.00,4043263.00,?0.21%
Georgia,NA,NA,NA,NA,NA,NA,NA,NA,NA,NA,0.37,69700.00,26050.00,13.50,995.00,Tbilisi,8987.82,124.18,0.02,GEL,NA,2688.49,2.00,0.41,72.21,0.76,15159281211.40,1.03,0.52,0.09,0.09,9.50,Tbilisi,"Salome Zurabishvili (President), Giorgi Gakharia (Prime Minister)",73.26,NA,36.00,0.05,NA,NA,NA,NA,NA,NA,NA,NA,NA,NA,NA,NA,NA,NA,NA,NA,NA,NA,NA,NA,4002942.00,3996765.00,?0.15%
Eritrea,NA,NA,NA,NA,NA,NA,NA,NA,NA,NA,0.75,117600.00,201750.00,32.20,291.00,Asmara,696.73,NA,NA,ERN,NA,64.14,4.13,0.15,22.27,2.00,2607739837.40,0.54,0.02,0.03,0.03,32.90,Asmara,Isaias Afwerki (President),65.09,NA,501.00,NA,NA,NA,NA,NA,NA,NA,NA,NA,NA,NA,NA,NA,NA,NA,NA,NA,NA,NA,NA,NA,3452786.00,3497117.00,0.01
Uruguay,NA,NA,NA,NA,NA,NA,NA,NA,NA,NA,0.83,176215.00,25450.00,14.03,598.00,Montevideo,6747.28,174.80,0.10,UYU,NA,3067.95,2.00,0.11,46.84,1.50,56156972157.70,1.07,0.56,0.09,0.09,7.90,Montevideo,Lucía Topolansky (Vice President),77.49,283800000.00,15.00,1.66,NA,NA,NA,NA,NA,NA,NA,NA,NA,NA,NA,NA,NA,NA,NA,NA,NA,NA,NA,NA,3449285.00,3461734.00,0.00
Bosnia and Herzegovina,NA,NA,NA,NA,NA,NA,NA,NA,NA,NA,0.43,51197.00,10500.00,9.16,387.00,Sarajevo,22233.02,103.75,-0.01,BAM,NA,3365.67,1.36,0.43,77.52,1.05,18168579578.20,NA,0.23,0.10,0.10,5.20,Tuzla Canton,NA,76.91,NA,11.00,1.04,NA,NA,NA,NA,NA,NA,NA,NA,NA,NA,NA,NA,NA,NA,NA,NA,NA,NA,NA,NA,3323925.00,3301000.00,?0.69%
Mongolia,NA,NA,NA,NA,NA,NA,NA,NA,NA,NA,0.73,1566000.00,17500.00,23.96,976.00,Ulaanbaatar,20839.56,172.21,0.01,MNT,NA,2017.51,2.76,0.08,94.13,0.72,11488046881.04,1.04,0.65,0.06,0.06,15.40,Ulaanbaatar,"Khaltmaagiin Battulga (President), Ukhnaagiin Khürelsükh (Prime Minister)",69.29,NA,44.00,0.65,NA,NA,NA,NA,NA,NA,NA,NA,NA,NA,NA,NA,NA,NA,NA,NA,NA,NA,NA,NA,3170216.00,3225167.00,0.02
Armenia,NA,NA,NA,NA,NA,NA,NA,NA,NA,NA,0.59,29743.00,49100.00,13.46,374.00,Yerevan,5529.84,124.21,-0.01,AMD,NA,1965.78,1.61,0.12,74.56,0.77,11536590635.83,0.94,0.51,0.04,0.04,11.90,Yerevan,"Armen Sarkissian (President), Nikol Pashinyan (Prime Minister)",74.62,NA,25.00,0.66,NA,NA,NA,NA,NA,NA,NA,NA,NA,NA,NA,NA,NA,NA,NA,NA,NA,NA,NA,NA,2951745.00,2957731.00,0.00
Jamaica,NA,NA,NA,NA,NA,NA,NA,NA,NA,NA,0.41,10991.00,3950.00,16.63,1876.00,Kingston,7422.01,150.75,0.02,JMD,NA,1055.52,2.01,0.31,80.97,1.11,14768134912.42,0.96,0.27,0.06,0.06,13.20,Kingston,"Elizabeth II (Monarch), Patrick Allen (Governor-general), Andrew Holness (Prime Minister)",75.97,5008860000.00,89.00,1.33,NA,NA,NA,NA,NA,NA,NA,NA,NA,NA,NA,NA,NA,NA,NA,NA,NA,NA,NA,NA,2934847.00,2948279.00,0.00
Puerto Rico,NA,NA,NA,NA,NA,NA,NA,NA,NA,NA,0.22,13791.00,NA,9.00,1.00,San Juan,NA,NA,NA,NA,NA,NA,1.30,0.56,NA,NA,105034500000.00,0.87,0.85,NA,NA,NA,San Juan,"Donald Trump (President), Wanda Vázquez Garced (Governor)",79.79,NA,14.00,NA,NA,NA,NA,NA,NA,NA,NA,NA,NA,NA,NA,NA,NA,NA,NA,NA,NA,NA,NA,NA,3039596.00,2933408.00,?3.49%
Albania,NA,NA,NA,NA,NA,NA,NA,NA,NA,NA,0.43,28748.00,8500.00,11.82,355.00,Tirana,5716.85,115.08,0.01,ALL,NA,2309.37,1.71,0.28,61.42,1.36,13039352743.96,1.10,0.61,0.06,0.06,12.00,Durrës,"Ilir Meta (President), Edi Rama (Prime Minister)",78.35,NA,29.00,1.12,NA,NA,NA,NA,NA,NA,NA,NA,NA,NA,NA,NA,NA,NA,NA,NA,NA,NA,NA,NA,2882740.00,2880917.00,?0.06%
Qatar,0.00,0.00,0.00,0.00,0.00,0.00,0.00,0.00,0.00,0.00,0.06,11586.00,21500.00,10.15,974.00,Doha,107853.80,115.39,0.03,QAR,NA,15309.43,1.91,0.00,100.00,0.40,167605219780.22,1.04,0.15,0.02,0.02,7.30,Doha,"Tamim bin Hamad Al Thani (Emir), Khalid bin Khalifa bin Abdul Aziz Al Thani (Prime Minister)",78.18,130610060000.00,13.00,NA,NA,NA,NA,NA,NA,NA,NA,NA,NA,NA,NA,NA,NA,NA,NA,NA,NA,NA,NA,NA,2781682.00,2832067.00,0.02
Lithuania,NA,NA,NA,NA,NA,NA,NA,NA,NA,NA,0.48,65300.00,29650.00,10.70,370.00,Vilnius,12838.17,112.64,0.01,EUR,NA,3821.15,1.70,0.35,67.99,1.16,47168303744.13,1.01,0.66,0.07,0.07,4.30,Vilnius,"Saulius Skvernelis (Prime Minister), Gitanas Naus?da (President)",74.32,NA,10.00,2.41,NA,NA,NA,NA,NA,NA,NA,NA,NA,NA,NA,NA,NA,NA,NA,NA,NA,NA,NA,NA,2801264.00,2759627.00,?1.49%
Namibia,NA,NA,NA,NA,NA,NA,NA,NA,NA,NA,0.47,825615.00,15900.00,29.18,264.00,Windhoek,3755.01,146.03,0.07,NA,NA,1584.57,3.42,0.08,66.72,0.76,13244597345.43,1.11,0.09,0.08,0.08,32.30,Windhoek,"Hage Geingob (President), Pohamba Shifeta (Minister), Nangolo Mbumba (Vice President)",64.39,1152430.00,265.00,NA,NA,NA,NA,NA,NA,NA,NA,NA,NA,NA,NA,NA,NA,NA,NA,NA,NA,NA,NA,NA,2448301.00,2494530.00,0.02
Gambia,NA,NA,NA,NA,NA,NA,NA,NA,NA,NA,0.60,11300.00,800.00,39.48,220.00,Banjul,513.38,140.13,0.07,GMD,NA,NA,5.43,0.48,0.00,1.18,1014621519.86,0.97,0.03,0.05,0.05,42.20,Serekunda,"Adama Barrow (President), Sheikh Omar Faye (Minister), Yankuba Sonko (Minister), Isatou Touray (Vice President)",61.19,NA,706.00,0.13,NA,NA,NA,NA,NA,NA,NA,NA,NA,NA,NA,NA,NA,NA,NA,NA,NA,NA,NA,NA,2280094.00,2347706.00,0.03
Botswana,NA,NA,NA,NA,NA,NA,NA,NA,NA,NA,0.46,581730.00,9000.00,23.67,267.00,Gaborone,7033.31,141.14,0.04,BWP,NA,1748.62,2.73,0.19,74.69,0.71,17406530780.72,1.05,0.23,0.05,0.05,32.60,Gaborone,"Mokgweetsi Masisi (President), Slumber Tsogwane (Vice President)",66.80,977610000.00,129.00,0.29,NA,NA,NA,NA,NA,NA,NA,NA,NA,NA,NA,NA,NA,NA,NA,NA,NA,NA,NA,NA,2254068.00,2303697.00,0.02
Gabon,NA,NA,NA,NA,NA,NA,NA,NA,NA,NA,0.20,267667.00,6700.00,29.51,241.00,Libreville,5192.47,111.30,0.02,XAF,NA,1172.89,3.79,0.89,24.20,0.92,14622880885.68,1.39,0.08,0.03,0.03,34.30,Libreville,"Ali Bongo Ondimba (President), Julien Nkoghe Bekale (Prime Minister)",66.11,NA,291.00,1.46,NA,NA,NA,NA,NA,NA,NA,NA,NA,NA,NA,NA,NA,NA,NA,NA,NA,NA,NA,NA,2119275.00,2172579.00,0.03
Lesotho,NA,NA,NA,NA,NA,NA,NA,NA,NA,NA,0.75,30355.00,2000.00,27.87,266.00,Maseru,2467.89,142.67,0.07,NA,NA,NA,3.09,0.02,0.00,0.70,2639386291.43,1.04,0.09,0.12,0.12,72.40,Maseru,"Tom Thabane (Prime Minister), Monyane Moleleki (Deputy prime minister)",54.17,NA,487.00,0.41,NA,NA,NA,NA,NA,NA,NA,NA,NA,NA,NA,NA,NA,NA,NA,NA,NA,NA,NA,NA,2108328.00,2125268.00,0.01
Republic of North Macedonia,NA,NA,NA,NA,NA,NA,NA,NA,NA,NA,0.50,25713.00,15600.00,11.28,389.00,Skopje,7510.02,110.91,0.00,MKD,NA,3497.00,1.53,0.40,79.28,1.11,11337827331.68,0.94,0.41,0.07,0.07,10.70,Skopje,"Stevo Pendarovski (President), Oliver Spasovski (Prime Minister)",75.70,NA,8.00,213.04,NA,NA,NA,NA,NA,NA,NA,NA,NA,NA,NA,NA,NA,NA,NA,NA,NA,NA,NA,NA,2082957.00,2083459.00,0.00
Slovenia,NA,NA,NA,NA,NA,NA,NA,NA,NA,NA,0.31,20273.00,13200.00,9.90,386.00,Ljubljana,12812.50,107.40,0.00,EUR,NA,6728.00,1.57,0.62,60.87,1.32,48769655479.24,0.99,0.80,0.09,0.09,1.80,Ljubljana,"Borut Pahor (President), Marjan Sarec (Prime Minister)",80.78,6318340000.00,9.00,5.25,NA,NA,NA,NA,NA,NA,NA,NA,NA,NA,NA,NA,NA,NA,NA,NA,NA,NA,NA,NA,2077837.00,2078654.00,0.00
Guinea-Bissau,NA,NA,NA,NA,NA,NA,NA,NA,NA,NA,0.58,36125.00,4450.00,36.58,245.00,Bissau,271.36,111.65,0.02,XOF,NA,NA,4.63,0.70,0.00,NA,1346933490.24,1.18,0.03,0.06,0.06,57.80,Bissau,"José Mário Vaz (President), Aristides Gomes (Prime Minister)",57.40,NA,549.00,0.16,NA,NA,NA,NA,NA,NA,NA,NA,NA,NA,NA,NA,NA,NA,NA,NA,NA,NA,NA,NA,1874303.00,1920922.00,0.02
Latvia,NA,NA,NA,NA,NA,NA,NA,NA,NA,NA,0.30,64589.00,5310.00,11.20,371.00,Riga,6974.63,110.85,0.00,EUR,NA,3507.40,1.70,0.54,56.72,1.16,30264454641.80,0.98,0.68,0.06,0.06,3.90,Riga,"Arturs Krišj?nis Kari?š (Prime Minister), Egils Levits (President)",74.53,NA,18.00,2.80,NA,NA,NA,NA,NA,NA,NA,NA,NA,NA,NA,NA,NA,NA,NA,NA,NA,NA,NA,NA,1928459.00,1906743.00,?1.13%
Bahrain,0.00,0.00,0.00,0.00,0.00,0.00,0.00,0.00,0.00,0.00,0.11,765.30,19460.00,14.76,973.00,Manama,31338.18,115.19,0.03,BHD,NA,19592.23,2.03,0.01,100.00,0.43,35307127659.57,1.01,0.47,0.04,0.04,6.50,Muharraq,"Abdullatif bin Rashid Al Zayani (Minister), Hamad bin Isa Al Khalifa (Monarch), Khalifa bin Salman Al Khalifa (Prime Minister)",76.90,21706180000.00,15.00,NA,NA,NA,NA,NA,NA,NA,NA,NA,NA,NA,NA,NA,NA,NA,NA,NA,NA,NA,NA,NA,1569446.00,1641172.00,0.05
Trinidad and Tobago,NA,NA,NA,NA,NA,NA,NA,NA,NA,NA,0.11,5128.00,4050.00,13.61,1.00,Port of Spain,46273.87,140.32,0.03,TTD,NA,7134.03,1.75,0.46,99.93,0.54,22104775828.46,1.06,0.12,0.05,0.05,16.50,Chaguanas,"Donna Cox (Minister), Keith Rowley (Prime Minister), Paula-Mae Weekes (President)",70.67,3889100000.00,63.00,2.25,NA,NA,NA,NA,NA,NA,NA,NA,NA,NA,NA,NA,NA,NA,NA,NA,NA,NA,NA,NA,1389843.00,1394973.00,0.00
Equatorial Guinea,NA,NA,NA,NA,NA,NA,NA,NA,NA,NA,0.10,28051.00,1450.00,34.11,240.00,Malabo,5346.49,121.19,0.01,XAF,NA,NA,4.69,0.56,0.00,NA,12486753871.28,0.62,0.02,0.05,0.05,66.20,Malabo,"Fransisco Pascual Obama Asue (Prime Minister), Teodoro Obiang Nguema Mbasogo (President)",57.68,NA,342.00,1.05,NA,NA,NA,NA,NA,NA,NA,NA,NA,NA,NA,NA,NA,NA,NA,NA,NA,NA,NA,NA,1308975.00,1355986.00,0.04
Estonia,NA,NA,NA,NA,NA,NA,NA,NA,NA,NA,0.23,45228.00,6400.00,10.70,372.00,Tallinn,19519.44,115.46,0.00,EUR,NA,6732.37,1.58,0.53,12.29,1.14,25921079612.33,0.97,0.72,0.06,0.06,2.30,Tallinn,"Kersti Kaljulaid (President), Margus Tsahkna (Minister), Mailis Reps (Minister)",77.74,NA,9.00,3.14,NA,NA,NA,NA,NA,NA,NA,NA,NA,NA,NA,NA,NA,NA,NA,NA,NA,NA,NA,NA,1322920.00,1325648.00,0.00
Timor-Leste,NA,NA,NA,NA,NA,NA,NA,NA,NA,NA,0.26,14874.00,1330.00,35.05,670.00,Dili,469.38,141.64,-0.01,USD,NA,NA,5.50,0.46,0.00,1.10,2954620999.58,1.09,0.19,0.04,0.04,42.40,Dili,"Francisco Guterres (President), Taur Matan Ruak (Prime Minister)",68.88,NA,215.00,0.60,NA,NA,NA,NA,NA,NA,NA,NA,NA,NA,NA,NA,NA,NA,NA,NA,NA,NA,NA,NA,1267974.00,1293119.00,0.02
Mauritius,NA,NA,NA,NA,NA,NA,NA,NA,NA,NA,0.42,2040.00,2550.00,10.40,230.00,Port Louis,4228.05,125.36,0.01,MUR,NA,2182.51,1.40,0.19,84.54,1.12,13338147523.01,1.02,0.39,0.05,0.05,12.20,Port Louis,"Anerood Jugnauth (Prime Minister), Prithvirajsing Roopun (President)",74.39,9742920000.00,53.00,0.38,NA,NA,NA,NA,NA,NA,NA,NA,NA,NA,NA,NA,NA,NA,NA,NA,NA,NA,NA,NA,1189265.00,1198575.00,0.01
Cyprus,NA,NA,NA,NA,NA,NA,NA,NA,NA,NA,0.14,9251.00,15750.00,10.83,357.00,Nicosia,6061.55,100.54,-0.01,EUR,NA,3624.90,1.34,0.19,92.91,1.23,21651791751.18,0.99,0.60,0.07,0.07,2.10,Limassol,Nicos Anastasiades (President),80.51,2822392823.26,7.00,NA,NA,NA,NA,NA,NA,NA,NA,NA,NA,NA,NA,NA,NA,NA,NA,NA,NA,NA,NA,NA,1170125.00,1179551.00,0.01
Swaziland,NA,NA,NA,NA,NA,NA,NA,NA,NA,NA,0.71,17364.00,3000.00,28.85,268.00,Mbabane,1202.78,155.13,0.08,NA,NA,NA,3.08,0.34,0.00,0.77,4408564260.16,1.08,0.05,0.09,0.09,52.40,Mbabane,"Mswati III (Monarch), Ambrose Mandvulo Dlamini (Prime Minister)",57.75,234260000.00,389.00,NA,NA,NA,NA,NA,NA,NA,NA,NA,NA,NA,NA,NA,NA,NA,NA,NA,NA,NA,NA,NA,1136281.00,1148130.00,0.01
Djibouti,NA,NA,NA,NA,NA,NA,NA,NA,NA,NA,0.73,23200.00,13100.00,23.00,253.00,Djibouti,722.40,116.22,0.03,DJF,NA,NA,2.85,0.00,0.00,1.32,1844674434.50,0.64,0.05,0.09,0.09,53.50,Djibouti,"Ismaïl Omar Guelleh (President), Abdoulkader Kamil Mohamed (Prime Minister)",62.47,NA,229.00,NA,NA,NA,NA,NA,NA,NA,NA,NA,NA,NA,NA,NA,NA,NA,NA,NA,NA,NA,NA,NA,958923.00,973560.00,0.02
Fiji,NA,NA,NA,NA,NA,NA,NA,NA,NA,NA,0.23,18274.00,3500.00,19.39,679.00,Suva,1169.77,124.90,0.04,FJD,NA,NA,2.52,0.56,0.00,0.82,5061202767.43,1.06,0.16,0.04,0.04,18.70,Suva,George Konrote (President),70.27,NA,30.00,1.28,NA,NA,NA,NA,NA,NA,NA,NA,NA,NA,NA,NA,NA,NA,NA,NA,NA,NA,NA,NA,883483.00,889953.00,0.01
Réunion,NA,NA,NA,NA,NA,NA,NA,NA,NA,NA,NA,2512.00,NA,NA,NA,Saint-Denis,NA,NA,NA,NA,NA,NA,NA,NA,NA,NA,NA,NA,NA,NA,NA,NA,Saint-Denis,NA,NA,NA,NA,NA,NA,NA,NA,NA,NA,NA,NA,NA,NA,NA,NA,NA,NA,NA,NA,NA,NA,NA,NA,NA,882526.00,888927.00,0.01
Comoros,NA,NA,NA,NA,NA,NA,NA,NA,NA,NA,0.71,2235.00,NA,32.86,269.00,Moroni,154.01,103.62,-0.08,KMF,NA,NA,4.35,0.20,0.00,NA,648920942.74,1.05,0.09,0.05,0.05,55.00,Moroni,Azali Assoumani (President),63.70,NA,335.00,0.71,NA,NA,NA,NA,NA,NA,NA,NA,NA,NA,NA,NA,NA,NA,NA,NA,NA,NA,NA,NA,832322.00,850886.00,0.02
Guyana,NA,NA,NA,NA,NA,NA,NA,NA,NA,NA,0.09,214970.00,3400.00,20.58,592.00,Georgetown,2009.52,110.27,0.01,GYD,NA,NA,2.51,0.84,0.00,0.90,3675631961.26,0.96,0.12,0.07,0.07,26.90,Georgetown,"Moses Nagamootoo (Prime Minister), David A. Granger (President)",66.65,NA,229.00,0.98,NA,NA,NA,NA,NA,NA,NA,NA,NA,NA,NA,NA,NA,NA,NA,NA,NA,NA,NA,NA,779006.00,782766.00,0.00
Bhutan,NA,NA,NA,NA,NA,NA,NA,NA,NA,NA,0.14,38394.00,6000.00,18.17,975.00,Thimphu,1001.09,158.43,0.04,BTN,NA,NA,2.05,0.72,0.00,0.98,2511852941.18,0.95,0.11,0.04,0.04,26.80,Thimphu,"Jigme Khesar Namgyel Wangchuck (Monarch), Lotay Tshering (Prime Minister)",70.20,NA,148.00,0.32,NA,NA,NA,NA,NA,NA,NA,NA,NA,NA,NA,NA,NA,NA,NA,NA,NA,NA,NA,NA,754388.00,763092.00,0.01
Solomon Islands,NA,NA,NA,NA,NA,NA,NA,NA,NA,NA,0.04,28400.00,NA,28.71,677.00,Honiara,201.69,126.54,-0.01,SBD,NA,NA,3.85,0.78,0.00,NA,1303453616.12,1.15,NA,0.08,0.08,21.80,Honiara,"Nestor Ghiro (Minister), Anthony Veke (Minister), Elizabeth II (Monarch)",70.73,NA,114.00,0.40,NA,NA,NA,NA,NA,NA,NA,NA,NA,NA,NA,NA,NA,NA,NA,NA,NA,NA,NA,NA,652857.00,669823.00,0.03
Macau,NA,NA,NA,NA,NA,NA,NA,NA,NA,NA,NA,28.20,NA,12.15,853.00,NA,1283.45,134.45,0.02,NA,NA,NA,1.31,NA,NA,NA,50361201096.44,1.06,0.78,NA,NA,NA,NA,NA,83.85,NA,NA,NA,NA,NA,NA,NA,NA,NA,NA,NA,NA,NA,NA,NA,NA,NA,NA,NA,NA,NA,NA,NA,631636.00,640445.00,0.01
Montenegro,NA,NA,NA,NA,NA,NA,NA,NA,NA,NA,0.17,13812.00,12050.00,11.36,382.00,Podgorica,2211.20,113.36,0.00,EUR,NA,4612.34,1.67,0.61,64.67,1.16,4774086094.21,0.96,0.57,0.08,0.08,3.50,Podgorica,"Duško Markovi? (Prime Minister), Ivan Brajovi? (President), Milo ?ukanovi? (President)",77.12,3787240000.00,7.00,1.23,NA,NA,NA,NA,NA,NA,NA,NA,NA,NA,NA,NA,NA,NA,NA,NA,NA,NA,NA,NA,627809.00,627987.00,0.00
Luxembourg,NA,NA,NA,NA,NA,NA,NA,NA,NA,NA,0.51,2586.40,1500.00,10.40,352.00,Luxembourg,9658.88,111.41,0.00,EUR,NA,13914.68,1.47,0.33,80.92,1.19,62404461274.66,0.99,0.20,0.07,0.07,2.00,Luxembourg,"Xavier Bettel (Prime Minister), Henri, Grand Duke of Luxembourg (Monarch), Etienne Schneider (Deputy prime minister), François Bausch (Deputy prime minister)",82.29,68639080000.00,10.00,13.05,NA,NA,NA,NA,NA,NA,NA,NA,NA,NA,NA,NA,NA,NA,NA,NA,NA,NA,NA,NA,604245.00,615729.00,0.02
NA,NA,NA,NA,NA,NA,NA,NA,NA,NA,NA,NA,NA,NA,NA,NA,NA,NA,NA,NA,NA,NA,NA,NA,NA,NA,NA,NA,NA,NA,NA,NA,NA,NA,NA,NA,NA,NA,NA,NA,NA,NA,NA,NA,NA,NA,NA,NA,NA,NA,NA,NA,NA,NA,NA,NA,NA,NA,NA,567402.00,582463.00,0.03
Suriname,NA,NA,NA,NA,NA,NA,NA,NA,NA,NA,0.01,163820.00,1940.00,18.22,597.00,Paramaribo,1991.18,264.07,0.52,SRD,NA,3631.86,2.37,0.98,76.25,1.29,3324385325.27,1.21,0.13,0.06,0.06,17.80,Paramaribo,Ashwin Adhin (Vice President),71.41,NA,155.00,NA,NA,NA,NA,NA,NA,NA,NA,NA,NA,NA,NA,NA,NA,NA,NA,NA,NA,NA,NA,NA,575990.00,581372.00,0.01
Cape Verde,NA,NA,NA,NA,NA,NA,NA,NA,NA,NA,0.20,4033.00,1200.00,20.90,238.00,Praia,491.38,107.93,-0.01,CVE,NA,NA,2.33,0.22,0.00,1.02,1753736711.67,0.97,0.22,0.04,0.04,18.20,Praia,"Ulisses Correia e Silva (Prime Minister), Jorge Carlos Fonseca (President)",72.80,NA,42.00,0.68,NA,NA,NA,NA,NA,NA,NA,NA,NA,NA,NA,NA,NA,NA,NA,NA,NA,NA,NA,NA,543767.00,549935.00,0.01
Maldives,NA,NA,NA,NA,NA,NA,NA,NA,NA,NA,0.26,298.00,5000.00,18.27,960.00,Malé,1334.79,136.31,0.01,MVR,NA,NA,2.09,0.03,0.00,1.63,4597083303.51,1.02,0.14,0.09,0.09,7.30,Malé,"Ibrahim Mohamed Solih (President), Faisal Naseem (Vice President)",77.34,NA,68.00,NA,NA,NA,NA,NA,NA,NA,NA,NA,NA,NA,NA,NA,NA,NA,NA,NA,NA,NA,NA,NA,515696.00,530953.00,0.03
Guadeloupe,NA,NA,NA,NA,NA,NA,NA,NA,NA,NA,NA,1628.00,NA,NA,NA,Basse-Terre,NA,NA,NA,NA,NA,NA,NA,NA,NA,NA,NA,NA,NA,NA,NA,NA,Basse-Terre,NA,NA,NA,NA,NA,NA,NA,NA,NA,NA,NA,NA,NA,NA,NA,NA,NA,NA,NA,NA,NA,NA,NA,NA,NA,446928.00,447905.00,0.00
Malta,NA,NA,NA,NA,NA,NA,NA,NA,NA,NA,0.32,316.00,2130.00,10.20,356.00,Valletta,2346.88,110.34,0.01,EUR,NA,4924.54,1.45,0.01,97.79,1.36,12537750732.48,1.05,0.49,0.09,0.09,5.90,Birkirkara,"Robert Abela (Prime Minister), Edward Zammit-Lewis (Minister), George Vella (President)",81.80,5171190000.00,9.00,5.07,NA,NA,NA,NA,NA,NA,NA,NA,NA,NA,NA,NA,NA,NA,NA,NA,NA,NA,NA,NA,439248.00,440372.00,0.00
Brunei,NA,NA,NA,NA,NA,NA,NA,NA,NA,NA,0.03,5765.00,12100.00,15.87,673.00,Bandar Seri Begawan,9108.83,99.11,-0.01,BND,NA,10242.80,1.87,0.72,100.00,0.37,12128089001.59,1.07,0.31,0.02,0.02,8.50,Bandar Seri Begawan,Hassanal Bolkiah (Prime Minister),77.20,NA,23.00,NA,NA,NA,NA,NA,NA,NA,NA,NA,NA,NA,NA,NA,NA,NA,NA,NA,NA,NA,NA,NA,428963.00,433285.00,0.01
Belize,NA,NA,NA,NA,NA,NA,NA,NA,NA,NA,0.07,22966.00,1500.00,22.53,501.00,Belmopan,495.05,105.68,-0.01,BZD,NA,NA,2.51,0.60,0.00,1.13,1838000000.00,1.15,0.24,0.06,0.06,12.80,Belize City,"Colville Young (Governor-general), Elizabeth II (Monarch), Dean Barrow (Prime Minister)",70.38,NA,28.00,1.65,NA,NA,NA,NA,NA,NA,NA,NA,NA,NA,NA,NA,NA,NA,NA,NA,NA,NA,NA,NA,383071.00,390353.00,0.02
Bahamas,NA,NA,NA,NA,NA,NA,NA,NA,NA,NA,0.01,13878.00,1300.00,14.27,1.00,Nassau,2416.55,110.88,0.00,NA,NA,NA,1.77,0.51,0.00,0.92,12162100000.00,0.95,0.15,0.08,0.08,8.60,Nassau,"Elizabeth II (Monarch), Hubert Minnis (Prime Minister), Iram Lewis (Minister)",75.68,NA,80.00,5.25,NA,NA,NA,NA,NA,NA,NA,NA,NA,NA,NA,NA,NA,NA,NA,NA,NA,NA,NA,NA,385637.00,389482.00,0.01
Martinique,NA,NA,NA,NA,NA,NA,NA,NA,NA,NA,NA,1128.00,NA,NA,596.00,Fort-de-France,NA,NA,NA,NA,NA,NA,NA,NA,NA,NA,NA,NA,NA,NA,NA,NA,Fort-de-France,NA,NA,NA,NA,NA,NA,NA,NA,NA,NA,NA,NA,NA,NA,NA,NA,NA,NA,NA,NA,NA,NA,NA,NA,NA,375673.00,375554.00,?0.03%
Iceland,NA,NA,NA,NA,NA,NA,NA,NA,NA,NA,0.19,103000.00,250.00,12.00,354.00,Reykjavik,1983.85,121.96,0.02,ISK,NA,53832.48,1.80,0.00,11.52,1.69,23909289978.59,0.99,0.76,0.09,0.09,1.60,Reykjavik,"Guðni Th. Jóhannesson (President), Katrín Jakobsdóttir (Prime Minister)",82.47,NA,3.00,NA,NA,NA,NA,NA,NA,NA,NA,NA,NA,NA,NA,NA,NA,NA,NA,NA,NA,NA,NA,NA,336713.00,339031.00,0.01
Vanuatu,NA,NA,NA,NA,NA,NA,NA,NA,NA,NA,0.15,12189.00,NA,25.86,678.00,Port Vila,154.01,108.05,0.01,VUV,NA,NA,3.28,0.36,0.00,1.31,862879789.39,1.20,0.05,0.04,0.04,23.10,Port Vila,"Charlot Salwai (Prime Minister), Tallis Obed Moses (President)",72.13,NA,78.00,1.56,NA,NA,NA,NA,NA,NA,NA,NA,NA,NA,NA,NA,NA,NA,NA,NA,NA,NA,NA,NA,292680.00,299882.00,0.02
Barbados,NA,NA,NA,NA,NA,NA,NA,NA,NA,NA,0.33,439.00,610.00,11.91,1.00,Bridgetown,1272.45,124.25,-0.01,BBD,NA,NA,1.80,0.15,0.00,1.81,4796845980.82,0.93,0.65,0.06,0.06,11.40,Bridgetown,"Elizabeth II (Monarch), Mia Mottley (Prime Minister)",75.91,4567520000.00,27.00,3.13,NA,NA,NA,NA,NA,NA,NA,NA,NA,NA,NA,NA,NA,NA,NA,NA,NA,NA,NA,NA,286641.00,287025.00,0.00
New Caledonia,NA,NA,NA,NA,NA,NA,NA,NA,NA,NA,0.10,18575.00,NA,15.40,687.00,Nouméa,4290.39,NA,NA,NA,NA,NA,2.08,0.46,NA,NA,2682347064.36,NA,NA,NA,NA,NA,Nouméa,Philippe Germain (President),76.96,NA,NA,NA,NA,NA,NA,NA,NA,NA,NA,NA,NA,NA,NA,NA,NA,NA,NA,NA,NA,NA,NA,NA,279993.00,282750.00,0.01
French Guiana,NA,NA,NA,NA,NA,NA,NA,NA,NA,NA,NA,83534.00,NA,NA,NA,Cayenne,NA,NA,NA,NA,NA,NA,NA,NA,NA,NA,NA,NA,NA,NA,NA,NA,Cayenne,NA,NA,NA,NA,NA,NA,NA,NA,NA,NA,NA,NA,NA,NA,NA,NA,NA,NA,NA,NA,NA,NA,NA,NA,NA,275713.00,282731.00,0.03
French Polynesia,NA,NA,NA,NA,NA,NA,NA,NA,NA,NA,0.12,4167.00,NA,15.38,689.00,Papeete,803.07,NA,NA,NA,NA,NA,2.01,0.42,NA,1.70,3447543137.94,NA,NA,NA,NA,NA,Papeete,"Édouard Fritch (President), Emmanuel Macron (President)",76.81,NA,NA,NA,NA,NA,NA,NA,NA,NA,NA,NA,NA,NA,NA,NA,NA,NA,NA,NA,NA,NA,NA,NA,277679.00,279287.00,0.01
Mayotte,NA,NA,NA,NA,NA,NA,NA,NA,NA,NA,NA,374.00,NA,NA,262.00,Mamoudzou,NA,NA,NA,NA,NA,NA,NA,NA,NA,NA,NA,NA,NA,NA,NA,NA,Mamoudzou,NA,NA,NA,NA,NA,NA,NA,NA,NA,NA,NA,NA,NA,NA,NA,NA,NA,NA,NA,NA,NA,NA,NA,NA,NA,259531.00,266150.00,0.03
São Tomé and Príncipe,NA,NA,NA,NA,NA,NA,NA,NA,NA,NA,0.51,964.00,1000.00,33.83,239.00,São Tomé,113.68,171.58,0.05,STN,NA,NA,4.46,0.56,0.00,NA,390871568.63,1.10,0.13,0.08,0.08,26.20,São Tomé,"Evaristo Carvalho (President), Jorge Bom Jesus (Prime Minister), Patrice Trovoada (Prime Minister)",66.62,NA,156.00,NA,NA,NA,NA,NA,NA,NA,NA,NA,NA,NA,NA,NA,NA,NA,NA,NA,NA,NA,NA,NA,211028.00,215056.00,0.02
Samoa,NA,NA,NA,NA,NA,NA,NA,NA,NA,NA,0.12,2842.00,NA,24.69,685.00,Apia,198.02,111.56,0.01,WST,NA,NA,3.98,0.60,0.00,0.91,856626506.02,1.08,0.08,0.07,0.07,14.80,Apia,Tuilaepa Aiono Sailele Malielegaoi (Prime Minister),75.01,NA,51.00,0.78,NA,NA,NA,NA,NA,NA,NA,NA,NA,NA,NA,NA,NA,NA,NA,NA,NA,NA,NA,NA,196129.00,197097.00,0.00
Saint Lucia,NA,NA,NA,NA,NA,NA,NA,NA,NA,NA,0.17,616.00,NA,12.11,1.00,Castries,407.04,108.04,-0.03,XCD,NA,NA,1.46,0.33,0.00,1.30,1712306555.56,1.01,0.19,0.08,0.08,11.80,Castries,"Allen Chastanet (Prime Minister), Elizabeth II (Monarch)",75.50,NA,48.00,NA,NA,NA,NA,NA,NA,NA,NA,NA,NA,NA,NA,NA,NA,NA,NA,NA,NA,NA,NA,NA,181889.00,182790.00,0.01
Guernsey,NA,NA,NA,NA,NA,NA,NA,NA,NA,NA,NA,78.00,NA,NA,44.00,Saint Peter Port,NA,NA,NA,NA,NA,NA,NA,NA,NA,NA,2742000000.00,NA,NA,NA,NA,NA,Saint Peter Port,Ian Corder (Lieutenant Governor),NA,NA,NA,NA,NA,NA,NA,NA,NA,NA,NA,NA,NA,NA,NA,NA,NA,NA,NA,NA,NA,NA,NA,NA,170499.00,172259.00,0.01
Guam,NA,NA,NA,NA,NA,NA,NA,NA,NA,NA,0.33,544.00,NA,16.78,1.00,Hagåtña,NA,NA,NA,NA,NA,NA,2.35,0.46,NA,NA,5793000000.00,NA,NA,NA,NA,NA,Tamuning,NA,79.58,NA,NA,NA,NA,NA,NA,NA,NA,NA,NA,NA,NA,NA,NA,NA,NA,NA,NA,NA,NA,NA,NA,NA,165768.00,167294.00,0.01
Curaçao,NA,NA,NA,NA,NA,NA,NA,NA,NA,NA,NA,444.00,NA,11.20,599.00,Willemstad,5881.87,108.08,NA,NA,NA,4797.67,1.70,NA,99.86,NA,NA,1.73,0.21,NA,NA,NA,Willemstad,"Willem-Alexander of the Netherlands (Monarch), Lucille George-Wout (Governor)",77.87,NA,NA,NA,NA,NA,NA,NA,NA,NA,NA,NA,NA,NA,NA,NA,NA,NA,NA,NA,NA,NA,NA,NA,162752.00,163424.00,0.00
Kiribati,NA,NA,NA,NA,NA,NA,NA,NA,NA,NA,0.42,811.00,NA,28.22,686.00,South Tarawa,62.34,99.55,NA,AUD,NA,NA,3.65,0.15,0.00,NA,196150061.31,1.05,NA,0.11,0.11,42.40,South Tarawa,"Taneti Maamau (President), Teuea Toatu (Vice President)",66.32,NA,90.00,NA,NA,NA,NA,NA,NA,NA,NA,NA,NA,NA,NA,NA,NA,NA,NA,NA,NA,NA,NA,NA,115847.00,117606.00,0.02
Federated States of Micronesia,NA,NA,NA,NA,NA,NA,NA,NA,NA,NA,0.31,702.00,NA,23.71,691.00,Palikir,150.35,112.55,NA,USD,NA,NA,3.15,0.92,NA,NA,336427532.88,0.96,0.14,0.13,0.13,27.50,Palikir,"David W. Panuelo (President), Yosiwo George (Vice President)",69.20,NA,100.00,NA,NA,NA,NA,NA,NA,NA,NA,NA,NA,NA,NA,NA,NA,NA,NA,NA,NA,NA,NA,NA,112640.00,113815.00,0.01
Grenada,NA,NA,NA,NA,NA,NA,NA,NA,NA,NA,0.24,348.50,NA,18.68,1.00,St. George's,242.02,106.57,0.02,XCD,NA,NA,2.10,0.50,0.00,1.12,1118816679.41,1.01,0.91,0.06,0.06,14.40,St. George's,"Keith Mitchell (Prime Minister), Elizabeth II (Monarch), Cécile La Grenade (Governor-general)",73.66,NA,27.00,NA,NA,NA,NA,NA,NA,NA,NA,NA,NA,NA,NA,NA,NA,NA,NA,NA,NA,NA,NA,NA,111454.00,112003.00,0.00
Tonga,NA,NA,NA,NA,NA,NA,NA,NA,NA,NA,0.46,747.00,NA,23.98,676.00,Nuku?alofa,121.01,112.71,0.03,TOP,NA,NA,3.64,0.13,0.00,NA,426057453.06,1.08,0.06,0.05,0.05,14.10,Nuku?alofa,"Tupou VI (Monarch), Pohiva Tu?i?onetoa (Prime Minister)",73.03,NA,124.00,NA,NA,NA,NA,NA,NA,NA,NA,NA,NA,NA,NA,NA,NA,NA,NA,NA,NA,NA,NA,NA,110589.00,110940.00,0.00
Saint Vincent and the Grenadines,NA,NA,NA,NA,NA,NA,NA,NA,NA,NA,0.26,389.00,NA,15.51,1.00,Kingstown,209.02,107.17,0.00,XCD,NA,NA,1.93,0.69,0.00,NA,789629629.63,1.03,0.06,0.05,0.05,15.20,Kingstown,"Elizabeth II (Monarch), Ralph Gonsalves (Prime Minister)",73.18,NA,45.00,1.16,NA,NA,NA,NA,NA,NA,NA,NA,NA,NA,NA,NA,NA,NA,NA,NA,NA,NA,NA,NA,110211.00,110589.00,0.00
Aruba,NA,NA,NA,NA,NA,NA,NA,NA,NA,NA,0.11,180.00,NA,10.97,297.00,Oranjestad,872.75,101.99,-0.01,NA,NA,NA,1.80,0.02,NA,NA,2584463687.15,1.17,0.15,NA,NA,NA,Oranjestad,Alfonso Boekhoudt (Governor),75.87,NA,NA,NA,NA,NA,NA,NA,NA,NA,NA,NA,NA,NA,NA,NA,NA,NA,NA,NA,NA,NA,NA,NA,105845.00,106314.00,0.00
United States Virgin Islands,NA,NA,NA,NA,NA,NA,NA,NA,NA,NA,NA,346.36,NA,NA,340.00,Charlotte Amalie,NA,NA,NA,NA,NA,NA,1.80,NA,NA,NA,1996000000.00,NA,NA,NA,NA,NA,Charlotte Amalie,Kenneth Mapp (Governor),79.47,NA,NA,NA,NA,NA,NA,NA,NA,NA,NA,NA,NA,NA,NA,NA,NA,NA,NA,NA,NA,NA,NA,NA,104680.00,104578.00,?0.10%
Seychelles,NA,NA,NA,NA,NA,NA,NA,NA,NA,NA,0.03,459.00,840.00,17.40,248.00,Victoria,495.05,123.09,-0.01,SCR,NA,NA,2.78,0.88,0.00,NA,1485994387.50,1.13,0.21,0.05,0.05,12.30,Victoria,"Danny Faure (President), Vincent Meriton (Vice President), Jean-Paul Adam (Minister)",74.31,NA,NA,2.00,NA,NA,NA,NA,NA,NA,NA,NA,NA,NA,NA,NA,NA,NA,NA,NA,NA,NA,NA,NA,97096.00,97739.00,0.01
Antigua and Barbuda,NA,NA,NA,NA,NA,NA,NA,NA,NA,NA,0.20,442.60,180.00,16.23,1.00,St. John's,531.72,112.45,0.00,XCD,NA,NA,2.05,0.22,0.00,0.99,1532397555.56,0.88,0.22,0.05,0.05,5.10,St. John's,"Rodney Williams (Governor-general), Samantha Marshall (Minister), Elizabeth II (Monarch), Gaston Browne (Prime Minister)",76.36,NA,NA,3.04,NA,NA,NA,NA,NA,NA,NA,NA,NA,NA,NA,NA,NA,NA,NA,NA,NA,NA,NA,NA,96286.00,97118.00,0.01
Isle of Man,NA,NA,NA,NA,NA,NA,NA,NA,NA,NA,0.71,572.00,NA,11.40,44.00,Douglas,NA,NA,NA,NA,NA,NA,1.65,0.06,NA,NA,6792417112.30,NA,NA,NA,NA,NA,Douglas,"Richard Gozney (Lieutenant Governor), Howard Quayle (Chief Minister)",77.97,NA,NA,NA,NA,NA,NA,NA,NA,NA,NA,NA,NA,NA,NA,NA,NA,NA,NA,NA,NA,NA,NA,NA,84077.00,84584.00,0.01
Andorra,NA,NA,NA,NA,NA,NA,NA,NA,NA,NA,0.40,468.00,NA,8.80,376.00,Andorra la Vella,462.04,NA,NA,EUR,NA,NA,1.27,0.34,NA,1.51,3012914131.17,1.14,NA,0.08,0.08,2.40,Andorra la Vella,"Patrick Strzoda (Governor-general), Xavier Espot Zamora (Prime Minister)",NA,NA,NA,6.63,NA,NA,NA,NA,NA,NA,NA,NA,NA,NA,NA,NA,NA,NA,NA,NA,NA,NA,NA,NA,77006.00,77142.00,0.00
Dominica,NA,NA,NA,NA,NA,NA,NA,NA,NA,NA,0.33,751.00,NA,12.00,1.00,Roseau,135.68,103.06,0.00,XCD,NA,NA,1.90,0.58,0.00,NA,562540740.74,1.12,0.07,0.06,0.06,31.20,Roseau,"Roosevelt Skerrit (Prime Minister), Charles Savarin (President)",76.60,NA,NA,1.48,NA,NA,NA,NA,NA,NA,NA,NA,NA,NA,NA,NA,NA,NA,NA,NA,NA,NA,NA,NA,71625.00,71808.00,0.00
Cayman Islands,NA,NA,NA,NA,NA,NA,NA,NA,NA,NA,0.11,264.00,NA,10.70,1.00,George Town,542.72,102.94,NA,NA,NA,NA,NA,0.53,NA,NA,3207032512.94,NA,NA,NA,NA,NA,George Town,Alden McLaughlin (Premier),82.19,315630000.00,NA,NA,NA,NA,NA,NA,NA,NA,NA,NA,NA,NA,NA,NA,NA,NA,NA,NA,NA,NA,NA,NA,64174.00,64948.00,0.01
Bermuda,NA,NA,NA,NA,NA,NA,NA,NA,NA,NA,0.06,53.20,NA,9.60,1.00,Hamilton,575.72,NA,NA,NA,NA,NA,1.61,0.20,NA,NA,5573710000.00,0.90,0.17,NA,NA,NA,St. George,"John Rankin (Governor), Kim Wilson (Minister)",81.23,2718790000.00,NA,NA,NA,NA,NA,NA,NA,NA,NA,NA,NA,NA,NA,NA,NA,NA,NA,NA,NA,NA,NA,NA,62756.00,62506.00,?0.40%
Marshall Islands,NA,NA,NA,NA,NA,NA,NA,NA,NA,NA,0.64,181.43,NA,31.23,692.00,Majuro,102.68,NA,NA,USD,NA,NA,4.05,0.70,0.00,1.44,199399247.08,0.89,0.43,0.16,0.16,29.10,Majuro,David Kabua (President),65.24,NA,NA,2.00,NA,NA,NA,NA,NA,NA,NA,NA,NA,NA,NA,NA,NA,NA,NA,NA,NA,NA,NA,NA,58413.00,58791.00,0.01
Greenland,NA,NA,NA,NA,NA,NA,NA,NA,NA,NA,0.01,2166086.00,NA,14.80,299.00,Nuuk,506.05,NA,NA,NA,NA,NA,2.00,0.00,NA,NA,2705891616.98,NA,NA,NA,NA,NA,Nuuk,Margrethe II of Denmark (Monarch),71.83,NA,NA,NA,NA,NA,NA,NA,NA,NA,NA,NA,NA,NA,NA,NA,NA,NA,NA,NA,NA,NA,NA,NA,56564.00,56672.00,0.00
Northern Mariana Islands,NA,NA,NA,NA,NA,NA,NA,NA,NA,NA,0.07,464.00,NA,NA,1.00,Saipan,NA,NA,NA,NA,NA,NA,NA,0.64,NA,NA,1242000000.00,NA,NA,NA,NA,NA,Saipan,"Donald Trump (President), Ralph Torres (Governor)",NA,NA,NA,NA,NA,NA,NA,NA,NA,NA,NA,NA,NA,NA,NA,NA,NA,NA,NA,NA,NA,NA,NA,NA,56882.00,56188.00,?1.22%
American Samoa,NA,NA,NA,NA,NA,NA,NA,NA,NA,NA,0.25,199.00,NA,17.50,1.00,Pago Pago,NA,NA,NA,NA,NA,NA,NA,0.88,NA,NA,658000000.00,NA,NA,NA,NA,NA,Tafuna,"Lolo Letalu Matalasi Moliga (Governor), Lemanu Peleti Mauga (Lieutenant Governor)",NA,NA,NA,NA,NA,NA,NA,NA,NA,NA,NA,NA,NA,NA,NA,NA,NA,NA,NA,NA,NA,NA,NA,NA,55465.00,55312.00,?0.28%
Saint Kitts and Nevis,NA,NA,NA,NA,NA,NA,NA,NA,NA,NA,0.23,261.00,NA,17.30,1.00,Basseterre,231.02,105.54,-0.01,XCD,NA,NA,2.11,0.42,0.00,NA,945854481.48,NA,NA,0.06,0.06,7.60,Basseterre,"Elizabeth II (Monarch), Timothy Harris (Prime Minister)",71.34,NA,NA,3.33,NA,NA,NA,NA,NA,NA,NA,NA,NA,NA,NA,NA,NA,NA,NA,NA,NA,NA,NA,NA,52441.00,52823.00,0.01
Faroe Islands,NA,NA,NA,NA,NA,NA,NA,NA,NA,NA,NA,1393.00,NA,NA,298.00,Tórshavn,NA,NA,NA,NA,NA,NA,NA,NA,NA,NA,2198138372.00,NA,NA,NA,NA,NA,Tórshavn,Aksel V. Johannesen (Prime Minister),82.04,NA,NA,NA,NA,NA,NA,NA,NA,NA,NA,NA,NA,NA,NA,NA,NA,NA,NA,NA,NA,NA,NA,NA,48497.00,48678.00,0.00
Sint Maarten,NA,NA,NA,NA,NA,NA,NA,NA,NA,NA,NA,34.00,NA,NA,1.00,Philipsburg,NA,NA,NA,NA,NA,NA,NA,NA,NA,NA,NA,NA,NA,NA,NA,NA,Lower Prince's Quarter,Eugene Holiday (Governor),NA,NA,NA,NA,NA,NA,NA,NA,NA,NA,NA,NA,NA,NA,NA,NA,NA,NA,NA,NA,NA,NA,NA,NA,41940.00,42388.00,0.01
Monaco,NA,NA,NA,NA,NA,NA,NA,NA,NA,NA,NA,2.02,NA,7.80,377.00,Monaco,NA,NA,NA,EUR,NA,NA,NA,NA,NA,2.00,6074884388.59,NA,NA,0.04,0.04,2.80,Monaco-Ville,"Albert II, Prince of Monaco (Monarch)",NA,NA,NA,11.72,NA,NA,NA,NA,NA,NA,NA,NA,NA,NA,NA,NA,NA,NA,NA,NA,NA,NA,NA,NA,38682.00,38964.00,0.01
Turks and Caicos Islands,NA,NA,NA,NA,NA,NA,NA,NA,NA,NA,0.01,948.00,NA,NA,1.00,Cockburn Town,205.35,NA,NA,NA,NA,NA,NA,0.36,NA,NA,NA,NA,NA,NA,NA,NA,NA,"Nigel Dakin (Governor), Sharlene Cartwright-Robinson (Premier)",NA,NA,NA,NA,NA,NA,NA,NA,NA,NA,NA,NA,NA,NA,NA,NA,NA,NA,NA,NA,NA,NA,NA,NA,37665.00,38191.00,0.01
Liechtenstein,NA,NA,NA,NA,NA,NA,NA,NA,NA,NA,0.32,160.00,NA,10.00,423.00,Vaduz,44.00,NA,NA,CHF,NA,NA,1.40,0.43,NA,1.74,6289165409.56,1.05,0.35,NA,NA,NA,Schaan,"Alois, Hereditary Prince of Liechtenstein (Monarch), Adrian Hasler (Prime Minister)",82.66,NA,NA,NA,NA,NA,NA,NA,NA,NA,NA,NA,NA,NA,NA,NA,NA,NA,NA,NA,NA,NA,NA,NA,37910.00,38019.00,0.00
San Marino,NA,NA,NA,NA,NA,NA,NA,NA,NA,NA,0.17,61.20,NA,7.90,378.00,San Marino,NA,110.63,0.01,EUR,NA,NA,1.26,0.00,NA,NA,1658778453.91,0.93,0.60,0.07,0.07,2.50,San Marino,NA,85.42,NA,NA,NA,NA,NA,NA,NA,NA,NA,NA,NA,NA,NA,NA,NA,NA,NA,NA,NA,NA,NA,NA,NA,33785.00,33860.00,0.00
Gibraltar,NA,NA,NA,NA,NA,NA,NA,NA,NA,NA,NA,6.50,NA,NA,350.00,Gibraltar,NA,NA,NA,NA,NA,NA,NA,NA,NA,NA,1066000000.00,NA,NA,NA,NA,NA,NA,Fabian Picardo (Chief Minister),NA,NA,NA,NA,NA,NA,NA,NA,NA,NA,NA,NA,NA,NA,NA,NA,NA,NA,NA,NA,NA,NA,NA,NA,33718.00,33701.00,?0.05%
British Virgin Islands,NA,NA,NA,NA,NA,NA,NA,NA,NA,NA,NA,153.00,NA,NA,1.00,Road Town,NA,NA,NA,NA,NA,NA,NA,NA,NA,NA,839700000.00,NA,NA,NA,NA,NA,Road Town,Augustus Jaspert (Governor),NA,NA,NA,NA,NA,NA,NA,NA,NA,NA,NA,NA,NA,NA,NA,NA,NA,NA,NA,NA,NA,NA,NA,NA,29802.00,30030.00,0.01
NA,NA,NA,NA,NA,NA,NA,NA,NA,NA,NA,NA,NA,NA,NA,NA,NA,NA,NA,NA,NA,NA,NA,NA,NA,NA,NA,NA,NA,NA,NA,NA,NA,NA,NA,NA,NA,NA,NA,NA,NA,NA,NA,NA,NA,NA,NA,NA,NA,NA,NA,NA,NA,NA,NA,NA,NA,NA,NA,25711.00,25979.00,0.01
Palau,NA,NA,NA,NA,NA,NA,NA,NA,NA,NA,0.11,459.00,NA,12.00,680.00,Ngerulmud,260.36,118.17,NA,USD,NA,NA,2.21,0.88,0.00,NA,291544300.00,1.15,0.64,0.09,0.09,13.70,Koror,"Raynold Oilouch (Vice President), Tommy Remengesau (President)",69.13,NA,NA,3.00,NA,NA,NA,NA,NA,NA,NA,NA,NA,NA,NA,NA,NA,NA,NA,NA,NA,NA,NA,NA,17907.00,18008.00,0.01
Cook Islands,NA,NA,NA,NA,NA,NA,NA,NA,NA,NA,NA,236.00,NA,NA,682.00,Avarua,NA,NA,NA,NA,NA,NA,NA,NA,NA,NA,183000000.00,NA,NA,NA,NA,NA,Avarua,"Henry Puna (Prime Minister), Elizabeth II (Monarch)",NA,NA,NA,NA,NA,NA,NA,NA,NA,NA,NA,NA,NA,NA,NA,NA,NA,NA,NA,NA,NA,NA,NA,NA,17518.00,17548.00,0.00
Anguilla,NA,NA,NA,NA,NA,NA,NA,NA,NA,NA,NA,91.00,NA,NA,1.00,The Valley,NA,NA,NA,NA,NA,NA,NA,NA,NA,NA,108900000.00,NA,NA,NA,NA,NA,North Side,NA,NA,NA,NA,NA,NA,NA,NA,NA,NA,NA,NA,NA,NA,NA,NA,NA,NA,NA,NA,NA,NA,NA,NA,NA,14731.00,14869.00,0.01
Tuvalu,NA,NA,NA,NA,NA,NA,NA,NA,NA,NA,0.60,26.00,NA,NA,688.00,Funafuti,11.00,NA,NA,AUD,NA,NA,NA,0.33,NA,NA,39731317.30,1.19,NA,0.15,0.15,21.40,Singapore,"Elizabeth II (Monarch), Iakoba Italeli (Governor-general), Kausea Natano (Prime Minister)",NA,NA,NA,NA,NA,NA,NA,NA,NA,NA,NA,NA,NA,NA,NA,NA,NA,NA,NA,NA,NA,NA,NA,NA,11508.00,11646.00,0.01
Wallis and Futuna,NA,NA,NA,NA,NA,NA,NA,NA,NA,NA,NA,142.00,NA,NA,681.00,Mata Utu,NA,NA,NA,NA,NA,NA,NA,NA,NA,NA,NA,NA,NA,NA,NA,NA,Mata Utu,Emmanuel Macron (President),NA,NA,NA,NA,NA,NA,NA,NA,NA,NA,NA,NA,NA,NA,NA,NA,NA,NA,NA,NA,NA,NA,NA,NA,11661.00,11432.00,?1.96%
Nauru,NA,NA,NA,NA,NA,NA,NA,NA,NA,NA,NA,21.00,NA,NA,674.00,Yaren District,NA,NA,NA,AUD,NA,NA,NA,NA,NA,NA,114000000.00,NA,NA,NA,NA,NA,NA,Lionel Aingimea (President),NA,NA,NA,NA,NA,NA,NA,NA,NA,NA,NA,NA,NA,NA,NA,NA,NA,NA,NA,NA,NA,NA,NA,NA,10670.00,10756.00,0.01
Saint Helena,NA,NA,NA,NA,NA,NA,NA,NA,NA,NA,NA,394.00,NA,NA,NA,Jamestown,NA,NA,NA,NA,NA,NA,NA,NA,NA,NA,NA,NA,NA,NA,NA,NA,Half Tree Hollow,Lisa Honan (Governor),NA,NA,NA,NA,NA,NA,NA,NA,NA,NA,NA,NA,NA,NA,NA,NA,NA,NA,NA,NA,NA,NA,NA,NA,6035.00,6059.00,0.00
Saint Pierre and Miquelon,NA,NA,NA,NA,NA,NA,NA,NA,NA,NA,NA,242.00,NA,NA,508.00,Saint-Pierre,NA,NA,NA,NA,NA,NA,NA,NA,NA,NA,NA,NA,NA,NA,NA,NA,Saint-Pierre,Emmanuel Macron (President),NA,NA,NA,NA,NA,NA,NA,NA,NA,NA,NA,NA,NA,NA,NA,NA,NA,NA,NA,NA,NA,NA,NA,NA,5849.00,5822.00,?0.46%
Montserrat,NA,NA,NA,NA,NA,NA,NA,NA,NA,NA,NA,102.00,NA,NA,1.00,Plymouth,NA,NA,NA,NA,NA,NA,NA,NA,NA,NA,NA,NA,NA,NA,NA,NA,Plymouth,Easton Taylor-Farrell (Premier),NA,NA,NA,NA,NA,NA,NA,NA,NA,NA,NA,NA,NA,NA,NA,NA,NA,NA,NA,NA,NA,NA,NA,NA,4993.00,4989.00,?0.08%
Falkland Islands,NA,NA,NA,NA,NA,NA,NA,NA,NA,NA,NA,12173.00,NA,NA,500.00,Stanley,NA,NA,NA,NA,NA,NA,NA,NA,NA,NA,NA,NA,NA,NA,NA,NA,Stanley,NA,NA,NA,NA,NA,NA,NA,NA,NA,NA,NA,NA,NA,NA,NA,NA,NA,NA,NA,NA,NA,NA,NA,NA,NA,3234.00,3377.00,0.04
Niue,NA,NA,NA,NA,NA,NA,NA,NA,NA,NA,NA,260.00,NA,NA,683.00,Alofi,NA,NA,NA,NZD,NA,NA,NA,NA,NA,NA,10010000.00,NA,NA,NA,NA,NA,Alofi,"Patsy Reddy (Governor-general), Toke Talagi (Premier), Elizabeth II (Monarch)",NA,NA,NA,NA,NA,NA,NA,NA,NA,NA,NA,NA,NA,NA,NA,NA,NA,NA,NA,NA,NA,NA,NA,NA,1620.00,1615.00,?0.31%
Tokelau,NA,NA,NA,NA,NA,NA,NA,NA,NA,NA,NA,10.00,NA,NA,690.00,"Atafu,Tokelau",NA,NA,NA,NA,NA,NA,NA,NA,NA,NA,NA,NA,NA,NA,NA,NA,NA,NA,NA,NA,NA,NA,NA,NA,NA,NA,NA,NA,NA,NA,NA,NA,NA,NA,NA,NA,NA,NA,NA,NA,NA,NA,1319.00,1340.00,0.02
Vatican City,NA,NA,NA,NA,NA,NA,NA,NA,NA,NA,NA,0.44,NA,NA,379.00,Vatican City,NA,NA,NA,EUR,NA,NA,NA,NA,NA,NA,NA,NA,NA,NA,NA,NA,NA,Pope Francis (Head of state),NA,NA,NA,NA,NA,NA,NA,NA,NA,NA,NA,NA,NA,NA,NA,NA,NA,NA,NA,NA,NA,NA,NA,NA,801.00,799.00,?0.25%
