Country,2017INv,2017Emp,2018INv,2018Emp,2019Inv,2019Emp,2020Inv,2020Emp,TotalInv,TotalEmp,C1,C2,C3,C4,C5,C7,C8,C9,C10,C11,C12,C13,C14,C15,C16,C17,C18,C19,C20,C21,C22,C25,C26,C27,C28,C30,C31,C32,C33,C34,C35,C36,C37,C38,C39,C40,C41,C42,C43,C44,C45,C46,C47,C48,C49,c60,c61,c62
China,1778.3,6135,238.2,825,61.1,544,0,0,2077.6,7504,0.56,9596961,2695000,12,86,10291926.88,119.09,0.02,CNY,NA,3927.04,1.62,0.22,87.48,0.96,1.22E+13,1.01,0.48,0.05,0.05,8.5,76.25,8.71E+12,27,0.87,NA,NA,NA,NA,NA,NA,NA,NA,NA,NA,NA,NA,NA,NA,NA,NA,NA,NA,NA,NA,1427647786,1433783686,0
India,59.39,59.39,59.39,59.39,59.39,59.39,59.39,59.39,59.39,59.39,0.6,3287263,2981050,19.01,91,2238377.14,160.13,0.05,INR,NA,805.6,2.33,0.24,73.46,0.97,2.94E+12,1.15,0.27,0.04,0.04,34.6,68.56,2.33E+12,174,0.3,NA,NA,NA,NA,NA,NA,NA,NA,NA,NA,NA,NA,NA,NA,NA,NA,NA,NA,NA,NA,1352642280,1366417754,0.01
United States,8671.57,8671.57,8671.57,8671.57,8671.57,8671.57,8671.57,8671.57,8671.57,8671.57,0.44,9833517,1348400,12.4,1,5254279.29,112.41,0.01,USD,NA,12984.33,1.8,0.34,82.78,0.71,2.14E+13,0.99,0.72,0.18,0.18,5.6,78.69,3.21E+13,14,7.25,NA,NA,NA,NA,NA,NA,NA,NA,NA,NA,NA,NA,NA,NA,NA,NA,NA,NA,NA,NA,327096265,329064917,0.01
Indonesia,0,0,0,0,0,0,0,0,0,0,0.31,1904569,675500,18.99,62,464176.19,142.18,0.04,IDR,NA,811.9,2.36,0.5,65.56,0.63,1.02E+12,1.03,0.28,0.03,0.03,22.2,69.19,5.21E+11,126,0.48,NA,NA,NA,NA,NA,NA,NA,NA,NA,NA,NA,NA,NA,NA,NA,NA,NA,NA,NA,NA,267670543,270625568,0.01
Pakistan,NA,NA,NA,NA,NA,NA,NA,NA,NA,NA,0.47,881913,935800,28.23,92,166298.45,156.91,0.04,PKR,NA,471.04,3.48,0.02,59.7,0.79,3.04E+11,0.98,0.1,0.03,0.03,64.2,66.48,91863740000,178,0.69,NA,NA,NA,NA,NA,NA,NA,NA,NA,NA,NA,NA,NA,NA,NA,NA,NA,NA,NA,NA,212228286,216565318,0.02
Brazil,0,0,0,0,0,0,0,0,0,0,0.34,8515767,729500,14.16,55,529808.16,155.67,0.09,BRL,NA,2601.37,1.73,0.59,59.12,1.02,2.06E+12,1.15,0.51,0.09,0.09,13.5,75.51,9.55E+11,44,1.53,NA,NA,NA,NA,NA,NA,NA,NA,NA,NA,NA,NA,NA,NA,NA,NA,NA,NA,NA,NA,209469323,211049527,0.01
Nigeria,NA,NA,NA,NA,NA,NA,NA,NA,NA,NA,0.78,923768,200000,38.89,234,96280.75,214.23,0.16,NGN,NA,144.48,5.53,0.08,19.04,0.46,3.76E+11,0.94,0.1,0.06,0.06,66.9,53.43,37217620000,814,0.54,NA,NA,NA,NA,NA,NA,NA,NA,NA,NA,NA,NA,NA,NA,NA,NA,NA,NA,NA,NA,195874683,200963599,0.03
Bangladesh,NA,NA,NA,NA,NA,NA,NA,NA,NA,NA,0.71,147570,220950,18.95,880,73189.65,161.14,0.06,BDT,NA,310.39,2.1,0.11,73.77,1.12,2.50E+11,1.19,0.17,0.04,0.04,28.2,72.49,86178750000,176,0.51,NA,NA,NA,NA,NA,NA,NA,NA,NA,NA,NA,NA,NA,NA,NA,NA,NA,NA,NA,NA,161376708,163046161,0.01
Russia,3.62,3.62,3.62,3.62,3.62,3.62,3.62,3.62,3.62,3.62,0.13,17098240,1454000,12.9,7,1705345.68,168.17,0.07,RUB,NA,6602.66,1.75,0.5,90.22,0.59,1.58E+12,1.02,0.82,0.06,0.06,6.6,71.59,6.23E+11,25,0.53,NA,NA,NA,NA,NA,NA,NA,NA,NA,NA,NA,NA,NA,NA,NA,NA,NA,NA,NA,NA,145734038,145872256,0
Mexico,NA,NA,NA,NA,NA,NA,NA,NA,NA,NA,0.55,1972550,336050,18.17,52,480270.66,130.2,0.03,MXN,NA,2090.18,2.18,0.34,90.45,0.73,1.15E+12,1.04,0.37,0.06,0.06,12.6,77.12,4.17E+11,38,0.49,NA,NA,NA,NA,NA,NA,NA,NA,NA,NA,NA,NA,NA,NA,NA,NA,NA,NA,NA,NA,126190788,127575529,0.01
Japan,53,53,53,53,53,53,53,53,53,53,0.12,377944,260890,7.8,81,1214048.36,103.96,0,JPY,NA,7819.71,1.44,0.68,93.72,1.06,4.87E+12,0.99,0.63,0.1,0.1,2,83.98,6.22E+12,5,6.77,NA,NA,NA,NA,NA,NA,NA,NA,NA,NA,NA,NA,NA,NA,NA,NA,NA,NA,NA,NA,127202192,126860301,?0.27%
Ethiopia,NA,NA,NA,NA,NA,NA,NA,NA,NA,NA,0.36,1104300,138000,31.78,251,11598.72,249.09,0.07,ETB,NA,69.72,4.2,0.12,6.11,0.75,80561496134,1.02,0.08,0.04,0.04,41,65.48,NA,353,NA,NA,NA,NA,NA,NA,NA,NA,NA,NA,NA,NA,NA,NA,NA,NA,NA,NA,NA,NA,NA,109224414,112078730,0.03
Philippines,0,0,0,0,0,0,0,0,0,0,0.42,300000,165500,23.21,63,105653.6,120.21,0.02,PHP,NA,699.21,2.93,0.27,61.99,0.86,3.14E+11,1.13,0.35,0.05,0.05,21.5,69.09,2.90E+11,114,1.12,NA,NA,NA,NA,NA,NA,NA,NA,NA,NA,NA,NA,NA,NA,NA,NA,NA,NA,NA,NA,106651394,108116615,0.01
Egypt,0,0,0,0,0,0,0,0,0,0,0.04,1001450,835500,26.49,20,201894.02,231.11,0.14,EGP,NA,1657.77,3.27,0,95.97,0.4,2.35E+11,1.04,0.34,0.05,0.05,19.4,71.48,46546100000,33,NA,NA,NA,NA,NA,NA,NA,NA,NA,NA,NA,NA,NA,NA,NA,NA,NA,NA,NA,NA,NA,98423598,100388073,0.02
Vietnam,NA,NA,NA,NA,NA,NA,NA,NA,NA,NA,0.38,331210,522000,16.69,84,166910.84,155.8,0.03,VND,NA,1410.91,1.95,0.48,69.82,0.8,2.24E+11,1.1,0.28,0.07,0.07,17.3,76.25,1.17E+11,54,0.73,NA,NA,NA,NA,NA,NA,NA,NA,NA,NA,NA,NA,NA,NA,NA,NA,NA,NA,NA,NA,95545962,96462106,0.01
Democratic Republic of the Congo,NA,NA,NA,NA,NA,NA,NA,NA,NA,NA,0.12,2344858,134250,42.28,243,4671.76,133.85,0.02,CDF,NA,108.58,6.11,0.67,5.36,1.49,37241300949,1.08,0.07,0.06,0.06,72,59.62,NA,693,0.18,NA,NA,NA,NA,NA,NA,NA,NA,NA,NA,NA,NA,NA,NA,NA,NA,NA,NA,NA,NA,84068091,86790567,0.03
Germany,247.27,247.27,247.27,247.27,247.27,247.27,247.27,247.27,247.27,247.27,0.48,357022,179100,9.3,49,719883.44,109.28,0,EUR,NA,7035.48,1.5,0.33,79.81,1.39,3.68E+12,1.02,0.66,0.11,0.11,3.2,80.64,2.26E+12,6,9.99,NA,NA,NA,NA,NA,NA,NA,NA,NA,NA,NA,NA,NA,NA,NA,NA,NA,NA,NA,NA,83124418,83517045,0
Turkey,0,0,0,0,0,0,0,0,0,0,0.5,783562,512000,16.24,90,345981.45,174.97,0.08,TRY,NA,2854.57,2.05,0.15,87.59,1.42,8.51E+11,1.03,0.95,0.06,0.06,10.9,75.76,2.28E+11,16,3.45,NA,NA,NA,NA,NA,NA,NA,NA,NA,NA,NA,NA,NA,NA,NA,NA,NA,NA,NA,NA,82340088,83429615,0.01
Iran,NA,NA,NA,NA,NA,NA,NA,NA,NA,NA,0.28,1648195,563000,16.54,98,649480.71,339.72,0.09,IRR,NA,2985.69,1.66,0.07,98.99,0.4,4.40E+11,1.09,0.69,0.07,0.07,13,75.95,1.06E+11,25,1.58,NA,NA,NA,NA,NA,NA,NA,NA,NA,NA,NA,NA,NA,NA,NA,NA,NA,NA,NA,NA,81800188,82913906,0.01
Thailand,0,0,0,0,0,0,0,0,0,0,0.43,513120,454550,10.33,66,316212.74,111.29,0,THB,NA,2539.61,1.48,0.32,79.75,0.71,4.55E+11,1.01,0.46,0.04,0.04,10.5,75.3,5.49E+11,20,1.06,NA,NA,NA,NA,NA,NA,NA,NA,NA,NA,NA,NA,NA,NA,NA,NA,NA,NA,NA,NA,68863514,69037513,0
United Kingdom,0,0,0,0,0,0,0,0,0,0,0.71,243610,150250,11.8,44,419820.16,115.57,0.01,GBP,NA,5129.53,1.8,0.13,80.71,1.46,2.62E+12,1.02,0.57,0.09,0.09,3.7,80.96,1.87E+12,9,10.13,NA,NA,NA,NA,NA,NA,NA,NA,NA,NA,NA,NA,NA,NA,NA,NA,NA,NA,NA,NA,67141684,67530172,0.01
France,343.62,343.62,343.62,343.62,343.62,343.62,343.62,343.62,343.62,343.62,0.52,643801,306100,11.7,33,303275.57,106.86,0,EUR,NA,6939.52,1.96,0.31,46.63,1.39,2.58E+12,1.07,0.65,0.12,0.12,3.2,82.27,2.75E+12,8,11.16,NA,NA,NA,NA,NA,NA,NA,NA,NA,NA,NA,NA,NA,NA,NA,NA,NA,NA,NA,NA,64990511,65129728,0
Italy,0,0,0,0,0,0,0,0,0,0,0.44,301340,356850,7.8,39,320411.46,108.71,0,EUR,NA,5002.41,1.35,0.32,79.15,1.61,1.93E+12,1.01,0.63,0.09,0.09,2.8,82.54,5.87E+11,4,NA,NA,NA,NA,NA,NA,NA,NA,NA,NA,NA,NA,NA,NA,NA,NA,NA,NA,NA,NA,NA,60627291,60550075,?0.13%
South Africa,0,0,0,0,0,0,0,0,0,0,0.8,1221037,81400,20.98,27,489771.85,146.05,0.06,ZAR,NA,4198.4,2.46,0.08,86.91,0.92,3.49E+11,1.03,0.2,0.09,0.09,34.2,62.77,1.23E+12,138,NA,NA,NA,NA,NA,NA,NA,NA,NA,NA,NA,NA,NA,NA,NA,NA,NA,NA,NA,NA,NA,57792518,58558270,0.01
Tanzania,NA,NA,NA,NA,NA,NA,NA,NA,NA,NA,0.45,947303,28400,38.19,255,11562.05,175.04,0.05,TZS,NA,99.17,5.02,0.52,14.38,0.87,52090320325,0.81,0.04,0.07,0.07,40.3,65.68,398100000,398,0.09,NA,NA,NA,NA,NA,NA,NA,NA,NA,NA,NA,NA,NA,NA,NA,NA,NA,NA,NA,NA,56313438,58005463,0.03
Myanmar,NA,NA,NA,NA,NA,NA,NA,NA,NA,NA,0.19,676578,513250,17.79,95,21631.63,144.61,0.07,MMK,NA,216.78,2.21,0.44,39.33,0.54,69322122756,1.12,0.16,0.02,0.02,40.1,66.61,NA,178,0.39,NA,NA,NA,NA,NA,NA,NA,NA,NA,NA,NA,NA,NA,NA,NA,NA,NA,NA,NA,NA,53708320,54045420,0.01
Kenya,NA,NA,NA,NA,NA,NA,NA,NA,NA,NA,0.49,580367,29100,31.31,254,14286.63,172.43,0.06,KES,NA,166.74,3.85,0.08,17.15,0.95,74938190655,1.05,0.04,0.05,0.05,35.6,67.03,10202610000,510,0.25,NA,NA,NA,NA,NA,NA,NA,NA,NA,NA,NA,NA,NA,NA,NA,NA,NA,NA,NA,NA,51392565,52573973,0.02
South Korea,752.56,752.56,752.56,752.56,752.56,752.56,752.56,752.56,752.56,752.56,0.18,99720,634000,7.9,82,587156.37,113.05,0.01,KRW,"South Korea, officially the Republic of Korea is a country in East Asia, constituting the southern part of the Korean Peninsula and sharing a land border with North Korea.",10496.51,1.17,0.63,82.04,1.22,2.03E+12,0.98,0.93,0.08,0.08,2.9,82.02,1.77E+12,11,6.49,NA,NA,NA,NA,NA,NA,NA,NA,NA,NA,NA,NA,NA,NA,NA,NA,NA,NA,NA,NA,51171706,51225308,0
Colombia,NA,NA,NA,NA,NA,NA,NA,NA,NA,NA,0.4,1141748,481100,15.2,57,84091.64,131.88,0.08,COP,NA,1289.57,1.85,0.53,76.69,0.68,3.09E+11,1.14,0.59,0.07,0.07,13.1,74.38,1.21E+11,64,1.23,NA,NA,NA,NA,NA,NA,NA,NA,NA,NA,NA,NA,NA,NA,NA,NA,NA,NA,NA,NA,49661048,50339443,0.01
Spain,0,0,0,0,0,0,0,0,0,0,0.53,505990,197950,8.7,34,233976.6,108.38,0,EUR,NA,5355.99,1.33,0.37,72.94,1.26,1.31E+12,1.04,0.91,0.1,0.1,2.7,82.83,8.89E+11,5,5.6,NA,NA,NA,NA,NA,NA,NA,NA,NA,NA,NA,NA,NA,NA,NA,NA,NA,NA,NA,NA,46692858,46736776,0
Argentina,NA,NA,NA,NA,NA,NA,NA,NA,NA,NA,0.54,2780400,105450,17.17,54,204024.55,NA,0.11,ARS,NA,3052.38,2.29,0.1,88.54,1.1,6.38E+11,1.1,0.86,0.08,0.08,9.9,76.58,1.09E+11,52,3.35,NA,NA,NA,NA,NA,NA,NA,NA,NA,NA,NA,NA,NA,NA,NA,NA,NA,NA,NA,NA,44361150,44780677,0.01
Uganda,NA,NA,NA,NA,NA,NA,NA,NA,NA,NA,0.72,241038,46400,42.14,256,5229.14,166.25,0.05,UGX,NA,NA,5.59,0.1,NA,0.94,25891058946,1,0.05,0.08,0.08,37.7,59.89,NA,343,0.01,NA,NA,NA,NA,NA,NA,NA,NA,NA,NA,NA,NA,NA,NA,NA,NA,NA,NA,NA,NA,42729036,44269594,0.04
Ukraine,NA,NA,NA,NA,NA,NA,NA,NA,NA,NA,0.71,603550,292000,10.3,380,227299,235.3,0.14,UAH,NA,3418.59,1.47,0.17,75.33,0.83,1.12E+11,1,0.83,0.08,0.08,7.8,71.48,25654060000,24,0.84,NA,NA,NA,NA,NA,NA,NA,NA,NA,NA,NA,NA,NA,NA,NA,NA,NA,NA,NA,NA,44246156,43993638,?0.57%
Algeria,NA,NA,NA,NA,NA,NA,NA,NA,NA,NA,0.17,2381741,317200,23.13,213,145400.22,142.38,0.06,DZD,NA,1356.26,2.78,0.01,99.98,0.28,1.70E+11,1.14,0.43,0.05,0.05,21.6,76.08,NA,140,0.95,NA,NA,NA,NA,NA,NA,NA,NA,NA,NA,NA,NA,NA,NA,NA,NA,NA,NA,NA,NA,42228408,43053054,0.02
Sudan,NA,NA,NA,NA,NA,NA,NA,NA,NA,NA,0.29,1886068,124300,32.93,249,15364.73,349.82,0.18,SDG,NA,190.22,4.53,0.08,31.76,0.95,1.17E+11,0.74,0.17,0.07,0.07,44.8,64.49,NA,311,0.41,NA,NA,NA,NA,NA,NA,NA,NA,NA,NA,NA,NA,NA,NA,NA,NA,NA,NA,NA,NA,41801533,42813238,0.02
Iraq,NA,NA,NA,NA,NA,NA,NA,NA,NA,NA,0.21,437072,209000,33.21,964,168443.65,119.38,0.01,IQD,NA,1305.69,4.37,0.02,97.27,0.61,1.98E+11,1.08,0.16,0.04,0.04,25.9,69.86,NA,50,1.24,NA,NA,NA,NA,NA,NA,NA,NA,NA,NA,NA,NA,NA,NA,NA,NA,NA,NA,NA,NA,38433600,39309783,0.02
Afghanistan,NA,NA,NA,NA,NA,NA,NA,NA,NA,NA,0.58,652230,323000,33.21,93,9809.23,137.9,0.02,AFN,NA,NA,4.64,0.02,NA,0.7,20815300220,1.05,0.08,0.09,0.09,53.2,63.67,NA,396,0.43,NA,NA,NA,NA,NA,NA,NA,NA,NA,NA,NA,NA,NA,NA,NA,NA,NA,NA,NA,NA,37171921,38041754,0.02
Poland,0,0,0,0,0,0,0,0,0,0,0.47,312685,178400,10.1,48,285739.97,109.64,-0.01,PLN,NA,3971.8,1.32,0.31,89.86,1.07,5.25E+11,1.1,0.67,0.07,0.07,4,77.45,2.01E+11,3,2.93,NA,NA,NA,NA,NA,NA,NA,NA,NA,NA,NA,NA,NA,NA,NA,NA,NA,NA,NA,NA,37921592,37887768,?0.09%
Canada,600.6,600.6,600.6,600.6,600.6,600.6,600.6,600.6,600.6,600.6,0.07,9984670,67500,10.8,1,537193.5,111.98,0.01,CAD,NA,15545.54,1.6,0.38,73.59,0.81,1.65E+12,1.01,0.59,0.11,0.11,4.3,82.3,2.37E+12,7,9.51,NA,NA,NA,NA,NA,NA,NA,NA,NA,NA,NA,NA,NA,NA,NA,NA,NA,NA,NA,NA,37074562,37411047,0.01
Morocco,NA,NA,NA,NA,NA,NA,NA,NA,NA,NA,0.69,446550,245800,19.97,212,59863.78,108.77,0.02,MAD,NA,901.13,2.49,0.13,88.47,0.99,1.09E+11,1.1,0.32,0.06,0.06,23.3,75.82,67048480000,121,1.6,NA,NA,NA,NA,NA,NA,NA,NA,NA,NA,NA,NA,NA,NA,NA,NA,NA,NA,NA,NA,36029093,36471769,0.01
Saudi Arabia,0,0,0,0,0,0,0,0,0,0,0.81,2149690,251500,19.56,966,601046.97,122.08,0.04,SAR,NA,9444.22,2.53,0,100,0.24,6.84E+11,1.16,0.67,0.03,0.03,11.1,74.56,4.51E+11,12,3.85,NA,NA,NA,NA,NA,NA,NA,NA,NA,NA,NA,NA,NA,NA,NA,NA,NA,NA,NA,NA,33702756,34268528,0.02
Uzbekistan,NA,NA,NA,NA,NA,NA,NA,NA,NA,NA,0.63,448978,68000,22.8,998,105213.56,NA,NA,UZS,NA,1645.44,2.46,0.08,97.74,1.03,48717685984,1.03,0.09,0.06,0.06,21.4,71.31,NA,36,0.24,NA,NA,NA,NA,NA,NA,NA,NA,NA,NA,NA,NA,NA,NA,NA,NA,NA,NA,NA,NA,32476244,32981716,0.02
Peru,0,0,0,0,0,0,0,0,0,0,0.19,1285216,158000,19.28,51,61744.95,125.42,0.04,PEN,NA,1307.51,2.4,0.58,79.56,0.99,2.11E+11,1.03,0.34,0.05,0.05,11.9,74.98,99217960000,68,1.28,NA,NA,NA,NA,NA,NA,NA,NA,NA,NA,NA,NA,NA,NA,NA,NA,NA,NA,NA,NA,31989260,32510453,0.02
Malaysia,0,0,0,0,0,0,0,0,0,0,0.24,329847,133600,17.05,60,242821.41,119.61,0.02,MYR,NA,4596.33,2.04,0.68,96.63,0.45,3.15E+11,1.03,0.44,0.04,0.04,7.1,75.3,4.56E+11,40,0.93,NA,NA,NA,NA,NA,NA,NA,NA,NA,NA,NA,NA,NA,NA,NA,NA,NA,NA,NA,NA,31528033,31949777,0.01
Angola,NA,NA,NA,NA,NA,NA,NA,NA,NA,NA,0.47,1246700,117000,41.82,244,34763.16,280.76,0.35,AOA,NA,312.48,5.69,0.46,48.28,0.97,1.24E+11,1.19,0.09,0.03,0.03,54.6,61.55,NA,477,0.71,NA,NA,NA,NA,NA,NA,NA,NA,NA,NA,NA,NA,NA,NA,NA,NA,NA,NA,NA,NA,30809787,31825295,0.03
Mozambique,NA,NA,NA,NA,NA,NA,NA,NA,NA,NA,0.64,801590,11200,38.95,258,8426.77,170.7,0.1,MZN,NA,462.62,5.24,0.48,12.6,0.65,12333859926,1.06,0.07,0.06,0.06,53.1,58.31,NA,489,0.27,NA,NA,NA,NA,NA,NA,NA,NA,NA,NA,NA,NA,NA,NA,NA,NA,NA,NA,NA,NA,29496004,30366036,0.03
Yemen,NA,NA,NA,NA,NA,NA,NA,NA,NA,NA,0.45,527968,20000,31.64,967,22698.73,157.58,0.08,YER,NA,216.26,4,0.01,98.49,0.92,18213328571,0.92,0.1,0.06,0.06,43.2,64.95,NA,385,NA,NA,NA,NA,NA,NA,NA,NA,NA,NA,NA,NA,NA,NA,NA,NA,NA,NA,NA,NA,NA,28498683,29161922,0.02
Ghana,NA,NA,NA,NA,NA,NA,NA,NA,NA,NA,0.69,238533,15500,31.05,233,14466.32,232.26,0.17,GHS,NA,354.71,3.98,0.41,52.3,0.92,47330016343,1.05,0.16,0.05,0.05,41.2,62.74,3098510000,319,0.27,NA,NA,NA,NA,NA,NA,NA,NA,NA,NA,NA,NA,NA,NA,NA,NA,NA,NA,NA,NA,28206728,28833629,0.02
Nepal,NA,NA,NA,NA,NA,NA,NA,NA,NA,NA,0.29,147181,158600,19.71,977,8030.73,171.14,0.09,NPR,NA,139.14,2.12,0.25,15.76,0.91,24472013234,1.34,0.12,0.05,0.05,28.4,70.25,NA,258,0.36,NA,NA,NA,NA,NA,NA,NA,NA,NA,NA,NA,NA,NA,NA,NA,NA,NA,NA,NA,NA,28095714,28608710,0.02
Venezuela,NA,NA,NA,NA,NA,NA,NA,NA,NA,NA,0.24,916445,273000,19.03,58,185220.17,2740.27,2.55,VES,NA,2657.62,2.32,0.53,88.38,0,4.82E+11,0.97,0.77,0.05,0.05,14,74.55,3979600000,95,0.01,NA,NA,NA,NA,NA,NA,NA,NA,NA,NA,NA,NA,NA,NA,NA,NA,NA,NA,NA,NA,28887118,28515829,?1.29%
Madagascar,NA,NA,NA,NA,NA,NA,NA,NA,NA,NA,0.71,587041,21600,33.15,261,3076.61,161.17,0.07,MGA,NA,NA,4.18,0.21,NA,1.11,11499803807,1.44,0.05,0.04,0.04,34,65.93,NA,353,0.21,NA,NA,NA,NA,NA,NA,NA,NA,NA,NA,NA,NA,NA,NA,NA,NA,NA,NA,NA,NA,26262313,26969307,0.03
North Korea,NA,NA,NA,NA,NA,NA,NA,NA,NA,NA,0.22,120540,1469000,13.83,850,40527.68,NA,NA,KPW,NA,600.29,1.91,0.42,81.41,0.58,1530750.92,0.99,0.28,NA,NA,15.1,71.69,NA,82,NA,NA,NA,NA,NA,NA,NA,NA,NA,NA,NA,NA,NA,NA,NA,NA,NA,NA,NA,NA,NA,25549604,25666161,0
Ivory Coast,NA,NA,NA,NA,NA,NA,NA,NA,NA,NA,0.65,322463,25000,36.83,225,11045,112.45,0.01,XOF,NA,276.15,4.91,0.33,26.49,0.93,40388624117,0.97,0.09,0.07,0.07,66,53.58,NA,645,0.36,NA,NA,NA,NA,NA,NA,NA,NA,NA,NA,NA,NA,NA,NA,NA,NA,NA,NA,NA,NA,25069230,25716544,0.03
Cameroon,NA,NA,NA,NA,NA,NA,NA,NA,NA,NA,0.21,475442,23400,36.3,237,7003.97,114.58,0.01,XAF,NA,280.67,4.71,0.4,29.86,1.03,34798596482,1.19,0.17,0.05,0.05,52.8,58.07,NA,596,0.35,NA,NA,NA,NA,NA,NA,NA,NA,NA,NA,NA,NA,NA,NA,NA,NA,NA,NA,NA,NA,25216267,25876380,0.03
Australia,1450,1450,1450,1450,1450,1450,1450,1450,1450,1450,0.48,7692024,57800,12.5,61,361261.84,115.69,0.01,AUD,NA,10059.21,1.81,0.16,93.38,0.93,1.32E+12,1.01,1.22,0.09,0.09,3.1,82.5,1.51E+12,6,13.59,NA,NA,NA,NA,NA,NA,NA,NA,NA,NA,NA,NA,NA,NA,NA,NA,NA,NA,NA,NA,24898152,25203198,0.01
Taiwan,1025.45,1025.45,1025.45,1025.45,1025.45,1025.45,1025.45,1025.45,1025.45,1025.45,NA,35980,NA,NA,886,NA,NA,NA,TWD,NA,NA,NA,NA,NA,NA,4.74E+11,NA,NA,NA,NA,NA,NA,NA,NA,4.02,NA,NA,NA,NA,NA,NA,NA,NA,NA,NA,NA,NA,NA,NA,NA,NA,NA,NA,NA,NA,23726460,23773876,0
Niger,NA,NA,NA,NA,NA,NA,NA,NA,NA,NA,0.36,1267000,10700,48.14,227,2126.86,108.56,0,XOF,NA,51.44,7.24,0.01,24.06,0.88,8119732793,0.74,0.02,0.07,0.07,50.9,60.06,NA,553,0.29,NA,NA,NA,NA,NA,NA,NA,NA,NA,NA,NA,NA,NA,NA,NA,NA,NA,NA,NA,NA,22442822,23310715,0.04
Sri Lanka,0,0,0,0,0,0,0,0,0,0,0.44,65610,305200,15.29,94,18393.67,147.09,0.04,LKR,NA,531.27,2.05,0.33,50.27,0.88,87174682200,1.02,0.19,0.03,0.03,8,75.28,18959520000,30,0.35,NA,NA,NA,NA,NA,NA,NA,NA,NA,NA,NA,NA,NA,NA,NA,NA,NA,NA,NA,NA,21228763,21323733,0
Burkina Faso,NA,NA,NA,NA,NA,NA,NA,NA,NA,NA,0.44,274200,11450,38.92,226,2849.26,108.13,0,XOF,NA,NA,5.35,0.2,NA,0.98,12873114800,0.91,0.06,0.06,0.06,52.7,60.36,NA,371,0.34,NA,NA,NA,NA,NA,NA,NA,NA,NA,NA,NA,NA,NA,NA,NA,NA,NA,NA,NA,NA,19751466,20321378,0.03
Mali,NA,NA,NA,NA,NA,NA,NA,NA,NA,NA,0.34,1240192,17800,42.63,223,1411.8,110.23,-0.02,XOF,"Mali, officially the Republic of Mali is a landlocked country in West Africa. Mali is the eighth-largest country in Africa, with an area of just over 1,240,000 square kilometres. The population of Mal",NA,6.06,0.04,NA,1.12,15288163367,0.77,0.05,0.06,0.06,68,57.97,NA,587,0.23,NA,NA,NA,NA,NA,NA,NA,NA,NA,NA,NA,NA,NA,NA,NA,NA,NA,NA,NA,NA,19077749,19658031,0.03
Romania,NA,NA,NA,NA,NA,NA,NA,NA,NA,NA,0.6,238397,149200,9.6,40,70003.03,113.95,-0.02,RON,NA,2584.41,1.58,0.3,72.76,1.16,2.12E+11,0.89,0.48,0.05,0.05,7.7,75.01,14023920000,31,2.25,NA,NA,NA,NA,NA,NA,NA,NA,NA,NA,NA,NA,NA,NA,NA,NA,NA,NA,NA,NA,19506114,19364557,?0.73%
Malawi,NA,NA,NA,NA,NA,NA,NA,NA,NA,NA,0.61,118484,14900,36.7,265,1276.12,342.18,0.22,MWK,NA,NA,4.57,0.33,NA,1.15,6303277591,1.39,0.01,0.09,0.09,38.9,63.22,NA,634,0.12,NA,NA,NA,NA,NA,NA,NA,NA,NA,NA,NA,NA,NA,NA,NA,NA,NA,NA,NA,NA,18143217,18628747,0.03
Chile,NA,NA,NA,NA,NA,NA,NA,NA,NA,NA,0.21,756096.3,121900,13.28,56,82562.51,125.35,0.04,CLP,NA,3911.65,1.77,0.24,73.28,1.03,2.77E+11,1,0.9,0.07,0.07,7.2,79.52,2.95E+11,22,2,NA,NA,NA,NA,NA,NA,NA,NA,NA,NA,NA,NA,NA,NA,NA,NA,NA,NA,NA,NA,18729160,18952038,0.01
Kazakhstan,NA,NA,NA,NA,NA,NA,NA,NA,NA,NA,0.8,2724900,70500,22.52,7,248314.57,169.28,0.15,KZT,NA,5600.21,2.73,0.01,99.17,0.42,1.59E+11,1.08,0.5,0.04,0.04,10.1,72.3,45558250000,12,0.41,NA,NA,NA,NA,NA,NA,NA,NA,NA,NA,NA,NA,NA,NA,NA,NA,NA,NA,NA,NA,18319618,18551427,0.01
Zambia,NA,NA,NA,NA,NA,NA,NA,NA,NA,NA,0.32,752618,16500,38.13,260,4503.08,180.95,0.18,ZMW,NA,707.19,4.98,0.65,10.57,1.4,25808666422,1.02,0.04,0.07,0.07,43.8,61.87,3184470000,224,0.24,NA,NA,NA,NA,NA,NA,NA,NA,NA,NA,NA,NA,NA,NA,NA,NA,NA,NA,NA,NA,17351708,17861030,0.03
Guatemala,NA,NA,NA,NA,NA,NA,NA,NA,NA,NA,0.35,108889,43050,25.27,502,18327.67,132.84,0.04,GTQ,NA,577.89,2.97,0.33,37.38,0.79,75620095538,1.01,0.21,0.07,0.07,23.9,73.41,NA,88,1.6,NA,NA,NA,NA,NA,NA,NA,NA,NA,NA,NA,NA,NA,NA,NA,NA,NA,NA,NA,NA,17247849,17581472,0.02
Ecuador,NA,NA,NA,NA,NA,NA,NA,NA,NA,NA,0.23,283561,40750,20.18,593,43919.66,124.1,0.02,USD,NA,1380.61,2.49,0.51,86.88,0.61,1.03E+11,1.04,0.46,0.06,0.06,17.8,76.33,747000000,64,2.46,NA,NA,NA,NA,NA,NA,NA,NA,NA,NA,NA,NA,NA,NA,NA,NA,NA,NA,NA,NA,17084358,17373662,0.02
Netherlands,0,0,0,0,0,0,0,0,0,0,0.55,41543,41310,10.1,31,167303.21,111.04,0,NA,NA,6712.77,1.66,0.11,91.36,1.68,8.26E+11,1.03,0.8,0.12,0.12,3.2,81.51,1.10E+12,7,10.29,NA,NA,NA,NA,NA,NA,NA,NA,NA,NA,NA,NA,NA,NA,NA,NA,NA,NA,NA,NA,17059560,17097130,0
Syria,NA,NA,NA,NA,NA,NA,NA,NA,NA,NA,0.76,185180,307500,21.47,963,30703.79,143.2,0.37,SYP,NA,949.59,2.92,0.03,97.66,0.83,40405006007,0.76,0.39,0.03,0.03,14.2,70.31,NA,68,1.02,NA,NA,NA,NA,NA,NA,NA,NA,NA,NA,NA,NA,NA,NA,NA,NA,NA,NA,NA,NA,16945057,17070135,0.01
Cambodia,NA,NA,NA,NA,NA,NA,NA,NA,NA,NA,0.31,181035,191300,23.3,855,6684.94,124.57,0.03,KHR,NA,271.43,2.56,0.54,30.68,0.9,22158209503,1.1,0.13,0.05,0.05,26.3,68.98,NA,161,NA,NA,NA,NA,NA,NA,NA,NA,NA,NA,NA,NA,NA,NA,NA,NA,NA,NA,NA,NA,NA,16249792,16486542,0.01
Senegal,NA,NA,NA,NA,NA,NA,NA,NA,NA,NA,0.46,196722,18600,35.6,221,8855.81,106.87,0.01,XOF,NA,223.5,4.77,0.43,53.67,1.14,16374743753,0.83,0.11,0.05,0.05,33.6,67.15,NA,315,0.31,NA,NA,NA,NA,NA,NA,NA,NA,NA,NA,NA,NA,NA,NA,NA,NA,NA,NA,NA,NA,15854323,16296364,0.03
Chad,NA,NA,NA,NA,NA,NA,NA,NA,NA,NA,0.4,1284000,39850,43.33,235,729.73,115.91,0.04,XAF,NA,NA,5.95,0.04,NA,0.78,9981303726,0.88,0.03,0.03,0.03,75.2,52.9,NA,856,0.6,NA,NA,NA,NA,NA,NA,NA,NA,NA,NA,NA,NA,NA,NA,NA,NA,NA,NA,NA,NA,15477729,15946876,0.03
Somalia,NA,NA,NA,NA,NA,NA,NA,NA,NA,NA,0.7,637657,19800,43.36,252,608.72,NA,NA,SOS,NA,NA,6.27,0.1,NA,1.41,7368560695,0.24,0.02,NA,NA,82.6,56.29,NA,732,NA,NA,NA,NA,NA,NA,NA,NA,NA,NA,NA,NA,NA,NA,NA,NA,NA,NA,NA,NA,NA,15008226,15442905,0.03
Zimbabwe,NA,NA,NA,NA,NA,NA,NA,NA,NA,NA,0.42,390757,50800,33.14,263,12020.43,105.51,-0.02,NA,NA,537,3.76,0.36,29.1,1.34,17845821400,0.99,0.08,NA,NA,40,61.16,2460690000,443,NA,NA,NA,NA,NA,NA,NA,NA,NA,NA,NA,NA,NA,NA,NA,NA,NA,NA,NA,NA,NA,14438802,14645468,0.01
Guinea,NA,NA,NA,NA,NA,NA,NA,NA,NA,NA,0.59,245857,12300,35.91,224,2449.56,218.71,0.08,GNF,NA,NA,4.86,0.26,NA,0.9,10491474930,0.94,0.11,0.06,0.06,58.3,60.02,NA,679,NA,NA,NA,NA,NA,NA,NA,NA,NA,NA,NA,NA,NA,NA,NA,NA,NA,NA,NA,NA,NA,12414293,12771246,0.03
Rwanda,NA,NA,NA,NA,NA,NA,NA,NA,NA,NA,0.73,26338,35000,31.11,250,839.74,146.63,0.06,RWF,NA,NA,3.89,0.19,NA,1.17,9136689514,1.37,0.08,0.11,0.11,29.2,67.13,NA,290,NA,NA,NA,NA,NA,NA,NA,NA,NA,NA,NA,NA,NA,NA,NA,NA,NA,NA,NA,NA,NA,12301970,12626950,0.03
Benin,NA,NA,NA,NA,NA,NA,NA,NA,NA,NA,0.33,114763,9750,37.03,229,6318.24,108.97,-0.01,XOF,NA,100.23,4.98,0.38,44.38,0.72,9273558272,1.32,0.13,0.04,0.04,63.1,60.91,NA,405,0.39,NA,NA,NA,NA,NA,NA,NA,NA,NA,NA,NA,NA,NA,NA,NA,NA,NA,NA,NA,NA,11485044,11801151,0.03
Tunisia,NA,NA,NA,NA,NA,NA,NA,NA,NA,NA,0.65,163610,47800,18.3,216,28829.95,138.44,0.04,TND,NA,1444.11,2.2,0.07,88.36,0.73,40256675209,1.15,0.33,0.07,0.07,11.7,75.73,8922590000,62,0.47,NA,NA,NA,NA,NA,NA,NA,NA,NA,NA,NA,NA,NA,NA,NA,NA,NA,NA,NA,NA,11565201,11694719,0.01
Belgium,50,50,50,50,50,50,50,50,50,50,0.44,30528,33800,10.8,32,93350.82,113.13,0.02,EUR,NA,7709.12,1.7,0.23,75.75,1.43,4.93E+11,1.03,0.75,0.11,0.11,3.1,80.99,4.38E+11,7,1501.82,NA,NA,NA,NA,NA,NA,NA,NA,NA,NA,NA,NA,NA,NA,NA,NA,NA,NA,NA,NA,11482178,11539328,0.01
Bolivia,NA,NA,NA,NA,NA,NA,NA,NA,NA,NA,0.35,1098581,71200,23.25,591,20410.52,142.4,0.04,BOB,NA,752.69,2.88,0.51,85.2,0.71,37508642113,0.98,NA,0.06,0.06,29.5,69.13,NA,206,1.36,NA,NA,NA,NA,NA,NA,NA,NA,NA,NA,NA,NA,NA,NA,NA,NA,NA,NA,NA,NA,11353142,11513100,0.01
Cuba,NA,NA,NA,NA,NA,NA,NA,NA,NA,NA,0.6,109884,75500,10.87,53,34836.5,NA,NA,CUC,NA,1434.03,1.72,0.31,85.76,1.4,87132800000,1.01,0.34,0.09,0.09,4.2,79.74,NA,39,0.05,NA,NA,NA,NA,NA,NA,NA,NA,NA,NA,NA,NA,NA,NA,NA,NA,NA,NA,NA,NA,11338134,11333483,?0.04%
Haiti,NA,NA,NA,NA,NA,NA,NA,NA,NA,NA,0.67,27750,200,24.18,509,2860.26,181.49,0.14,HTG,NA,38.97,2.92,0.04,22.02,0.81,8408150518,1.12,0.01,0.06,0.06,50.9,63.33,NA,359,0.25,NA,NA,NA,NA,NA,NA,NA,NA,NA,NA,NA,NA,NA,NA,NA,NA,NA,NA,NA,NA,11123178,11263770,0.01
South Sudan,NA,NA,NA,NA,NA,NA,NA,NA,NA,NA,NA,644329,185000,35.94,211,1496.14,4583.71,3.81,SSP,NA,39.89,4.86,NA,72.22,0.28,2904114903,0.67,NA,0.03,0.03,59.2,56.81,NA,789,NA,NA,NA,NA,NA,NA,NA,NA,NA,NA,NA,NA,NA,NA,NA,NA,NA,NA,NA,NA,NA,10975927,11062113,0.01
Burundi,NA,NA,NA,NA,NA,NA,NA,NA,NA,NA,0.79,27834,51050,42.25,257,440.04,188.68,0.06,BIF,NA,NA,5.7,0.11,NA,1.21,3477502178,1.31,0.05,0.08,0.08,48.4,57.48,NA,712,NA,NA,NA,NA,NA,NA,NA,NA,NA,NA,NA,NA,NA,NA,NA,NA,NA,NA,NA,NA,NA,10524117,10864245,0.03
Dominican Republic,NA,NA,NA,NA,NA,NA,NA,NA,NA,NA,0.49,48670,71050,20.17,1,21539.96,128.64,0.02,DOP,NA,1578.15,2.42,0.41,86.54,1.07,75931656815,1.02,0.53,0.05,0.05,25.5,73.86,NA,92,0.4,NA,NA,NA,NA,NA,NA,NA,NA,NA,NA,NA,NA,NA,NA,NA,NA,NA,NA,NA,NA,10627141,10738958,0.01
Czech Republic,106.96,106.96,106.96,106.96,106.96,106.96,106.96,106.96,106.96,106.96,0.55,78866,23200,10.7,420,96475.1,110.87,0.01,CZK,NA,6258.89,1.57,0.35,75.96,1.17,2.16E+11,0.99,0.64,0.08,0.08,2.5,78.33,40912350000,4,3,NA,NA,NA,NA,NA,NA,NA,NA,NA,NA,NA,NA,NA,NA,NA,NA,NA,NA,NA,NA,10665677,10689209,0
Greece,NA,NA,NA,NA,NA,NA,NA,NA,NA,NA,0.6,131957,145350,8.6,30,67318.79,101.06,-0.01,EUR,NA,5062.61,1.33,0.31,85.12,1.54,2.00E+11,0.95,1.17,0.09,0.09,3.1,81.04,50605060000,3,683.76,NA,NA,NA,NA,NA,NA,NA,NA,NA,NA,NA,NA,NA,NA,NA,NA,NA,NA,NA,NA,10522246,10473455,?0.46%
Portugal,0,0,0,0,0,0,0,0,0,0,0.4,92212,74500,8.4,351,45052.76,109.17,0.01,EUR,NA,4662.6,1.31,0.35,76.88,1.54,2.18E+11,1.05,0.63,0.09,0.09,2.9,81.13,75589628812,10,3.78,NA,NA,NA,NA,NA,NA,NA,NA,NA,NA,NA,NA,NA,NA,NA,NA,NA,NA,NA,NA,10256193,10226187,?0.29%
Jordan,NA,NA,NA,NA,NA,NA,NA,NA,NA,NA,0.12,89342,115500,26.47,962,26450.07,119.34,-0.01,JOD,NA,1888.12,3.38,0.01,97.61,1.1,40068308516,1,0.36,0.1,0.1,15.1,74.33,23968560000,58,1.49,NA,NA,NA,NA,NA,NA,NA,NA,NA,NA,NA,NA,NA,NA,NA,NA,NA,NA,NA,NA,9965318,10101694,0.01
Azerbaijan,NA,NA,NA,NA,NA,NA,NA,NA,NA,NA,0.58,86600,81950,16.3,994,37487.74,149.47,0.04,AZN,NA,2202.39,1.94,0.14,98.37,0.56,39207000000,1.06,0.27,0.05,0.05,27.2,72.03,3220000,25,0.47,NA,NA,NA,NA,NA,NA,NA,NA,NA,NA,NA,NA,NA,NA,NA,NA,NA,NA,NA,NA,9949537,10047718,0.01
Sweden,464.47,464.47,464.47,464.47,464.47,464.47,464.47,464.47,464.47,464.47,0.07,450295,30550,11.8,46,43420.95,106.49,0.01,SEK,NA,13480.15,1.85,0.69,26.84,1.42,5.38E+11,1.23,0.62,0.1,0.1,2.4,82.2,2.90E+11,4,NA,NA,NA,NA,NA,NA,NA,NA,NA,NA,NA,NA,NA,NA,NA,NA,NA,NA,NA,NA,NA,9971638,10036379,0.01
United Arab Emirates,136.89,136.89,136.89,136.89,136.89,136.89,136.89,136.89,136.89,136.89,0.05,83600,63000,9.59,971,211369.55,113.3,0.02,AED,NA,11263.53,1.75,0.04,99.81,0.49,3.83E+11,1.11,0.37,0.03,0.03,6.6,77.26,2.39E+11,6,NA,NA,NA,NA,NA,NA,NA,NA,NA,NA,NA,NA,NA,NA,NA,NA,NA,NA,NA,NA,NA,9630959,9770529,0.01
Honduras,NA,NA,NA,NA,NA,NA,NA,NA,NA,NA,0.29,112492,22700,21.72,504,9471.86,138.05,0.03,HNL,NA,630.14,2.46,0.41,52.48,0.98,22978532897,0.96,0.2,0.09,0.09,16,73.58,NA,129,1.01,NA,NA,NA,NA,NA,NA,NA,NA,NA,NA,NA,NA,NA,NA,NA,NA,NA,NA,NA,NA,9587522,9746117,0.02
Hungary,NA,NA,NA,NA,NA,NA,NA,NA,NA,NA,0.59,93030,39800,9.7,36,42086.16,114.45,0,HUF,NA,3965.96,1.45,0.23,69.32,1.18,1.39E+11,1.02,0.48,0.08,0.08,4.4,75.57,31553860000,17,2.62,NA,NA,NA,NA,NA,NA,NA,NA,NA,NA,NA,NA,NA,NA,NA,NA,NA,NA,NA,NA,9707499,9684679,?0.24%
Belarus,NA,NA,NA,NA,NA,NA,NA,NA,NA,NA,0.42,207600,155350,12.4,375,63497.77,288.65,0.12,BYN,NA,3679.98,1.73,0.43,92.44,0.6,54442374373,1.02,0.87,0.05,0.05,2.9,73.83,NA,4,1.49,NA,NA,NA,NA,NA,NA,NA,NA,NA,NA,NA,NA,NA,NA,NA,NA,NA,NA,NA,NA,9452617,9452411,0
Tajikistan,NA,NA,NA,NA,NA,NA,NA,NA,NA,NA,0.34,143100,16300,28.84,992,5188.81,148.57,0.06,TJS,NA,1479.78,3.36,0.03,54.9,0.71,7145701019,0.99,0.31,0.06,0.06,37.1,71.05,NA,32,0.23,NA,NA,NA,NA,NA,NA,NA,NA,NA,NA,NA,NA,NA,NA,NA,NA,NA,NA,NA,NA,9100835,9321018,0.02
Austria,1.18,1.18,1.18,1.18,1.18,1.18,1.18,1.18,1.18,1.18,0.33,83871,22400,10,43,58712.34,114,0.01,EUR,NA,8355.84,1.49,0.47,66,1.2,4.17E+11,1.02,0.83,0.11,0.11,2.9,80.89,1.51E+11,4,NA,NA,NA,NA,NA,NA,NA,NA,NA,NA,NA,NA,NA,NA,NA,NA,NA,NA,NA,NA,NA,8891388,8955102,0.01
Papua New Guinea,NA,NA,NA,NA,NA,NA,NA,NA,NA,NA,0.03,462840,3600,27.61,675,6318.24,136.34,0.07,PGK,NA,NA,3.66,0.74,NA,1.36,21088758485,1.12,0.02,0.05,0.05,42.4,65.54,12592450000,215,1.16,NA,NA,NA,NA,NA,NA,NA,NA,NA,NA,NA,NA,NA,NA,NA,NA,NA,NA,NA,NA,8606323,8776109,0.02
Serbia,NA,NA,NA,NA,NA,NA,NA,NA,NA,NA,0.4,88361,31850,9.2,381,37667.42,138.67,0.01,RSD,NA,4271.74,1.46,0.31,83.87,1.16,41431648801,1.01,0.62,0.1,0.1,5.1,75.24,1791690000,17,1.57,NA,NA,NA,NA,NA,NA,NA,NA,NA,NA,NA,NA,NA,NA,NA,NA,NA,NA,NA,NA,8802754,8772235,?0.35%
Switzerland,25,25,25,25,25,25,25,25,25,25,0.38,41285,20950,10.5,41,35305.88,98.27,0,CHF,NA,7520.17,1.54,0.32,50.08,1.45,6.79E+11,1.04,0.58,0.11,0.11,3.6,82.9,1.69E+12,5,NA,NA,NA,NA,NA,NA,NA,NA,NA,NA,NA,NA,NA,NA,NA,NA,NA,NA,NA,NA,NA,8525611,8591365,0.01
Israel,115,115,115,115,115,115,115,115,115,115,0.25,20770,184500,21.2,972,64601.54,106.4,-0.01,ILS,NA,6600.9,3.11,0.08,96.34,1.57,3.51E+11,1.04,0.64,0.08,0.08,2.9,82.41,2.31E+11,5,7.58,NA,NA,NA,NA,NA,NA,NA,NA,NA,NA,NA,NA,NA,NA,NA,NA,NA,NA,NA,NA,8381516,8519377,0.02
Togo,NA,NA,NA,NA,NA,NA,NA,NA,NA,NA,0.7,56785,9300,34.03,228,2621.91,110.38,0.01,XOF,NA,152.72,4.45,0.03,17.2,0.71,4812554346,1.24,0.12,0.09,0.09,50.7,60.23,NA,368,0.34,NA,NA,NA,NA,NA,NA,NA,NA,NA,NA,NA,NA,NA,NA,NA,NA,NA,NA,NA,NA,7889093,8082366,0.02
Sierra Leone,NA,NA,NA,NA,NA,NA,NA,NA,NA,NA,0.55,71740,8500,35.01,232,1309.12,175.78,0.11,SLL,NA,NA,4.46,0.42,NA,1.08,3774270392,1.15,0.02,0.15,0.15,83.3,51.84,NA,1360,0.57,NA,NA,NA,NA,NA,NA,NA,NA,NA,NA,NA,NA,NA,NA,NA,NA,NA,NA,NA,NA,7650150,7813215,0.02
Hong Kong,0,0,0,0,0,0,0,0,0,0,0.05,1108,NA,8.3,852,46222.54,125.92,0.02,NA,NA,6083.27,1.21,NA,93.17,1.86,3.41E+11,1.07,0.72,NA,NA,NA,84.23,4.35E+12,NA,4.44,NA,NA,NA,NA,NA,NA,NA,NA,NA,NA,NA,NA,NA,NA,NA,NA,NA,NA,NA,NA,7371730,7436154,0.01
Laos,NA,NA,NA,NA,NA,NA,NA,NA,NA,NA,0.1,236800,129100,23.85,856,1954.51,128.87,0.02,LAK,NA,NA,2.7,0.81,NA,0.93,16853079615,1.1,0.17,0.03,0.03,48.9,66.68,NA,197,0.83,NA,NA,NA,NA,NA,NA,NA,NA,NA,NA,NA,NA,NA,NA,NA,NA,NA,NA,NA,NA,7061507,7169455,0.02
Paraguay,NA,NA,NA,NA,NA,NA,NA,NA,NA,NA,0.55,406752,25450,20.95,595,5702.19,134.61,0.04,PYG,NA,1563.51,2.48,0.39,33.7,1.04,29734895249,1.06,0.35,0.1,0.1,17,73.12,312800000,132,1.55,NA,NA,NA,NA,NA,NA,NA,NA,NA,NA,NA,NA,NA,NA,NA,NA,NA,NA,NA,NA,6956066,7044636,0.01
Bulgaria,NA,NA,NA,NA,NA,NA,NA,NA,NA,NA,0.46,110993.6,31300,9.1,359,42416.19,107.94,-0.01,BGN,NA,4708.93,1.53,0.35,71.04,1.11,56831518294,0.95,0.71,0.07,0.07,6.5,74.61,8253250000,11,1.57,NA,NA,NA,NA,NA,NA,NA,NA,NA,NA,NA,NA,NA,NA,NA,NA,NA,NA,NA,NA,7051608,7000119,?0.73%
Lebanon,NA,NA,NA,NA,NA,NA,NA,NA,NA,NA,0.64,10452,80000,15.47,961,24070.19,119,-0.01,LBP,NA,2892.77,1.72,0.13,97.62,0.74,51844487742,0.89,0.38,0.08,0.08,6.9,79.58,11491770000,15,2.15,NA,NA,NA,NA,NA,NA,NA,NA,NA,NA,NA,NA,NA,NA,NA,NA,NA,NA,NA,NA,6859408,6855713,?0.05%
Libya,NA,NA,NA,NA,NA,NA,NA,NA,NA,NA,0.09,1759541,0,19.67,218,56996.18,125.71,0.03,LYD,NA,1857.16,2.27,0,99.11,0.11,50984362479,1.09,0.61,0.04,0.04,11,71.93,NA,9,1.88,NA,NA,NA,NA,NA,NA,NA,NA,NA,NA,NA,NA,NA,NA,NA,NA,NA,NA,NA,NA,6678559,6777452,0.01
Nicaragua,NA,NA,NA,NA,NA,NA,NA,NA,NA,NA,0.42,130375,12000,19.51,505,4862.44,147.16,0.04,NIO,NA,580.48,2.2,0.26,40.92,0.91,13814261536,1.23,0.18,0.08,0.08,16.8,75.4,NA,150,0.54,NA,NA,NA,NA,NA,NA,NA,NA,NA,NA,NA,NA,NA,NA,NA,NA,NA,NA,NA,NA,6465501,6545502,0.01
El Salvador,NA,NA,NA,NA,NA,NA,NA,NA,NA,NA,0.77,21041,41500,18.54,503,6285.24,109.95,0.01,USD,NA,939.15,2.08,0.13,48.43,0.83,24805439600,1,0.28,0.07,0.07,12.9,73.51,NA,54,0.5,NA,NA,NA,NA,NA,NA,NA,NA,NA,NA,NA,NA,NA,NA,NA,NA,NA,NA,NA,NA,6420746,6453553,0.01
Kyrgyzstan,NA,NA,NA,NA,NA,NA,NA,NA,NA,NA,0.55,199951,20400,26,996,9607.54,151.59,0,KGS,NA,1941.22,3.1,0.03,69.3,0.56,7564738836,1.06,0.46,0.07,0.07,18.8,70.95,NA,76,0.09,NA,NA,NA,NA,NA,NA,NA,NA,NA,NA,NA,NA,NA,NA,NA,NA,NA,NA,NA,NA,6304030,6415850,0.02
Turkmenistan,NA,NA,NA,NA,NA,NA,NA,NA,NA,NA,0.72,491210,41500,25.37,993,68422.55,NA,NA,TMT,NA,2678.81,2.89,0.09,NA,0.29,42355428571,0.88,0.08,0.02,0.02,43.4,67.84,NA,42,0.88,NA,NA,NA,NA,NA,NA,NA,NA,NA,NA,NA,NA,NA,NA,NA,NA,NA,NA,NA,NA,5850901,5942089,0.02
Singapore,0,0,0,0,0,0,0,0,0,0,0.01,719.1,147600,9.4,65,56372.79,113.27,-0.01,SGD,NA,8844.69,1.2,0.23,97.52,1.25,3.24E+11,1.01,0.06,0.05,0.05,2.2,82.8,7.87E+11,10,NA,NA,NA,NA,NA,NA,NA,NA,NA,NA,NA,NA,NA,NA,NA,NA,NA,NA,NA,NA,NA,5757499,5804337,0.01
Denmark,75,75,75,75,75,75,75,75,75,75,0.62,43094,16100,10.8,45,33498.05,108.63,0,DKK,NA,5858.8,1.71,0.15,65.73,1.55,3.25E+11,1.02,0.81,0.11,0.11,3.7,80.7,1.51E+11,6,NA,NA,NA,NA,NA,NA,NA,NA,NA,NA,NA,NA,NA,NA,NA,NA,NA,NA,NA,NA,NA,5752126,5771876,0
Finland,0,0,0,0,0,0,0,0,0,0,0.07,338145,24200,9.6,358,47300.63,110,0,EUR,NA,15249.99,1.65,0.73,39.69,1.45,2.52E+11,1,0.87,0.09,0.09,1.9,81.78,1.84E+11,3,NA,NA,NA,NA,NA,NA,NA,NA,NA,NA,NA,NA,NA,NA,NA,NA,NA,NA,NA,NA,NA,5522576,5532156,0
Slovakia,NA,NA,NA,NA,NA,NA,NA,NA,NA,NA,0.4,49035,15850,10.6,421,30678.12,109.59,-0.01,EUR,NA,5137.07,1.4,0.4,64.64,1.32,95769031980,0.99,0.53,0.08,0.08,4.9,76.56,4801320000,6,3.11,NA,NA,NA,NA,NA,NA,NA,NA,NA,NA,NA,NA,NA,NA,NA,NA,NA,NA,NA,NA,5453014,5457013,0
Congo,NA,NA,NA,NA,NA,NA,NA,NA,NA,NA,0.31,342000,12000,34.63,242,3094.95,118.53,0.05,XAF,NA,197.29,4.66,0.65,40.48,0.97,8722553001,1.04,0.09,0.03,0.03,38.5,64.63,NA,442,0.88,NA,NA,NA,NA,NA,NA,NA,NA,NA,NA,NA,NA,NA,NA,NA,NA,NA,NA,NA,NA,5244359,5380508,0.03
Norway,0,0,0,0,0,0,0,0,0,0,0.03,385207,23950,11.2,47,47627,114.55,0.04,NOK,NA,22999.93,1.72,0.33,58.47,1.78,3.99E+11,1,0.81,0.09,0.09,2.1,82.51,2.87E+11,5,NA,NA,NA,NA,NA,NA,NA,NA,NA,NA,NA,NA,NA,NA,NA,NA,NA,NA,NA,NA,NA,5337962,5378857,0.01
Costa Rica,NA,NA,NA,NA,NA,NA,NA,NA,NA,NA,0.35,51100,9800,14.29,506,7759.37,123.46,0,CRC,NA,1957.93,1.78,0.54,49.48,0.98,57057372468,1.1,0.54,0.1,0.1,7.7,79.83,1498420000,25,1.84,NA,NA,NA,NA,NA,NA,NA,NA,NA,NA,NA,NA,NA,NA,NA,NA,NA,NA,NA,NA,4999441,5047561,0.01
Palestinian National Authority,NA,NA,NA,NA,NA,NA,NA,NA,NA,NA,NA,6220,NA,NA,NA,NA,NA,NA,NA,NA,NA,4.45,NA,NA,NA,4015865744,NA,NA,NA,NA,NA,72.64,NA,NA,NA,NA,NA,NA,NA,NA,NA,NA,NA,NA,NA,NA,NA,NA,NA,NA,NA,NA,NA,NA,NA,4862979,4981420,0.02
Oman,6,6,6,6,6,6,6,6,6,6,0.05,309500,47000,18.73,968,61169.23,112.39,0.01,OMR,NA,6553.52,2.67,0,100,0.45,72642652796,1.09,0.45,0.03,0.03,9.2,77.03,21298880000,17,4.33,NA,NA,NA,NA,NA,NA,NA,NA,NA,NA,NA,NA,NA,NA,NA,NA,NA,NA,NA,NA,4829473,4974986,0.03
Liberia,NA,NA,NA,NA,NA,NA,NA,NA,NA,NA,0.28,111369,2050,34.32,231,935.09,180.58,0.09,NA,NA,NA,4.58,0.43,NA,0.8,2158000000,0.94,0.12,0.16,0.16,51.2,62.51,NA,725,0.17,NA,NA,NA,NA,NA,NA,NA,NA,NA,NA,NA,NA,NA,NA,NA,NA,NA,NA,NA,NA,4818973,4937374,0.02
Ireland,0,0,0,0,0,0,0,0,0,0,0.64,70273,9100,13.5,353,34066.43,105.08,0,EUR,NA,5672.06,1.92,0.11,85.36,1.37,3.34E+11,1.01,0.84,0.08,0.08,3,81.61,1.47E+11,8,10.79,NA,NA,NA,NA,NA,NA,NA,NA,NA,NA,NA,NA,NA,NA,NA,NA,NA,NA,NA,NA,4818690,4882495,0.01
New Zealand,NA,NA,NA,NA,NA,NA,NA,NA,NA,NA,0.42,268021,9000,12.65,64,34664.15,110.65,0.01,NZD,NA,9026.32,1.87,0.39,59.37,1.4,2.06E+11,0.99,0.82,0.1,0.1,4.5,81.61,94691280000,11,11.49,NA,NA,NA,NA,NA,NA,NA,NA,NA,NA,NA,NA,NA,NA,NA,NA,NA,NA,NA,NA,4743131,4783063,0.01
Central African Republic,NA,NA,NA,NA,NA,NA,NA,NA,NA,NA,0.08,622984,8150,35.7,236,300.69,186.86,0.37,XAF,NA,NA,4.87,0.36,NA,1.41,1949411659,1.06,0.03,0.04,0.04,88.5,52.17,NA,882,0.37,NA,NA,NA,NA,NA,NA,NA,NA,NA,NA,NA,NA,NA,NA,NA,NA,NA,NA,NA,NA,4666368,4745185,0.02
Mauritania,NA,NA,NA,NA,NA,NA,NA,NA,NA,NA,0.39,1030700,20850,34.16,222,2709.91,128.06,0.01,MRU,NA,NA,4.67,0,NA,1.13,5024705934,0.94,0.05,0.06,0.06,54.4,63.24,NA,602,0.53,NA,NA,NA,NA,NA,NA,NA,NA,NA,NA,NA,NA,NA,NA,NA,NA,NA,NA,NA,NA,4403313,4525696,0.03
Panama,NA,NA,NA,NA,NA,NA,NA,NA,NA,NA,0.3,75420,22050,19.53,507,8800.8,121.58,0.01,NA,NA,2062.76,2.51,0.62,80.71,0.74,61838175800,0.96,0.47,0.08,0.08,14.1,78,15023710000,94,1.53,NA,NA,NA,NA,NA,NA,NA,NA,NA,NA,NA,NA,NA,NA,NA,NA,NA,NA,NA,NA,4176869,4246439,0.02
Kuwait,10.55,10.55,10.55,10.55,10.55,10.55,10.55,10.55,10.55,10.55,0.08,17818,22600,16.42,965,95408.01,124.56,0.03,KWD,NA,15213.42,1.97,0,100,0.35,1.20E+11,1.01,0.33,0.03,0.03,7.2,74.69,1.07E+11,4,0.95,NA,NA,NA,NA,NA,NA,NA,NA,NA,NA,NA,NA,NA,NA,NA,NA,NA,NA,NA,NA,4137312,4207083,0.02
Croatia,NA,NA,NA,NA,NA,NA,NA,NA,NA,NA,0.27,56594,18550,9,385,16842.53,107.31,-0.01,HRK,NA,3714.38,1.4,0.34,70.7,1.26,54849180229,0.95,0.67,0.07,0.07,4,78.02,22764800000,8,2.92,NA,NA,NA,NA,NA,NA,NA,NA,NA,NA,NA,NA,NA,NA,NA,NA,NA,NA,NA,NA,4156405,4130304,?0.63%
Moldova,NA,NA,NA,NA,NA,NA,NA,NA,NA,NA,0.75,33846,7550,10.32,373,4932.12,153.84,0.06,MDL,"Moldova, officially the Republic of Moldova, is a landlocked country in Eastern Europe, bordered by Romania to the west and Ukraine to the north, east, and south. The capital city is Chi?in?u.",1386.23,1.24,0.12,88.69,0.8,8128493432,0.92,0.41,0.12,0.12,13.7,71.61,NA,23,0.31,NA,NA,NA,NA,NA,NA,NA,NA,NA,NA,NA,NA,NA,NA,NA,NA,NA,NA,NA,NA,4051944,4043263,?0.21%
Georgia,NA,NA,NA,NA,NA,NA,NA,NA,NA,NA,0.37,69700,26050,13.5,995,8987.82,124.18,0.02,GEL,NA,2688.49,2,0.41,72.21,0.76,15159281211,1.03,0.52,0.09,0.09,9.5,73.26,NA,36,0.05,NA,NA,NA,NA,NA,NA,NA,NA,NA,NA,NA,NA,NA,NA,NA,NA,NA,NA,NA,NA,4002942,3996765,?0.15%
Eritrea,NA,NA,NA,NA,NA,NA,NA,NA,NA,NA,0.75,117600,201750,32.2,291,696.73,NA,NA,ERN,NA,64.14,4.13,0.15,22.27,2,2607739837,0.54,0.02,0.03,0.03,32.9,65.09,NA,501,NA,NA,NA,NA,NA,NA,NA,NA,NA,NA,NA,NA,NA,NA,NA,NA,NA,NA,NA,NA,NA,3452786,3497117,0.01
Uruguay,NA,NA,NA,NA,NA,NA,NA,NA,NA,NA,0.83,176215,25450,14.03,598,6747.28,174.8,0.1,UYU,NA,3067.95,2,0.11,46.84,1.5,56156972158,1.07,0.56,0.09,0.09,7.9,77.49,283800000,15,1.66,NA,NA,NA,NA,NA,NA,NA,NA,NA,NA,NA,NA,NA,NA,NA,NA,NA,NA,NA,NA,3449285,3461734,0
Bosnia and Herzegovina,NA,NA,NA,NA,NA,NA,NA,NA,NA,NA,0.43,51197,10500,9.16,387,22233.02,103.75,-0.01,BAM,NA,3365.67,1.36,0.43,77.52,1.05,18168579578,NA,0.23,0.1,0.1,5.2,76.91,NA,11,1.04,NA,NA,NA,NA,NA,NA,NA,NA,NA,NA,NA,NA,NA,NA,NA,NA,NA,NA,NA,NA,3323925,3301000,?0.69%
Mongolia,NA,NA,NA,NA,NA,NA,NA,NA,NA,NA,0.73,1566000,17500,23.96,976,20839.56,172.21,0.01,MNT,NA,2017.51,2.76,0.08,94.13,0.72,11488046881,1.04,0.65,0.06,0.06,15.4,69.29,NA,44,0.65,NA,NA,NA,NA,NA,NA,NA,NA,NA,NA,NA,NA,NA,NA,NA,NA,NA,NA,NA,NA,3170216,3225167,0.02
Armenia,NA,NA,NA,NA,NA,NA,NA,NA,NA,NA,0.59,29743,49100,13.46,374,5529.84,124.21,-0.01,AMD,NA,1965.78,1.61,0.12,74.56,0.77,11536590636,0.94,0.51,0.04,0.04,11.9,74.62,NA,25,0.66,NA,NA,NA,NA,NA,NA,NA,NA,NA,NA,NA,NA,NA,NA,NA,NA,NA,NA,NA,NA,2951745,2957731,0
Jamaica,NA,NA,NA,NA,NA,NA,NA,NA,NA,NA,0.41,10991,3950,16.63,1876,7422.01,150.75,0.02,JMD,NA,1055.52,2.01,0.31,80.97,1.11,14768134912,0.96,0.27,0.06,0.06,13.2,75.97,5008860000,89,1.33,NA,NA,NA,NA,NA,NA,NA,NA,NA,NA,NA,NA,NA,NA,NA,NA,NA,NA,NA,NA,2934847,2948279,0
Puerto Rico,NA,NA,NA,NA,NA,NA,NA,NA,NA,NA,0.22,13791,NA,9,1,NA,NA,NA,NA,NA,NA,1.3,0.56,NA,NA,1.05E+11,0.87,0.85,NA,NA,NA,79.79,NA,14,NA,NA,NA,NA,NA,NA,NA,NA,NA,NA,NA,NA,NA,NA,NA,NA,NA,NA,NA,NA,NA,3039596,2933408,?3.49%
Albania,NA,NA,NA,NA,NA,NA,NA,NA,NA,NA,0.43,28748,8500,11.82,355,5716.85,115.08,0.01,ALL,NA,2309.37,1.71,0.28,61.42,1.36,13039352744,1.1,0.61,0.06,0.06,12,78.35,NA,29,1.12,NA,NA,NA,NA,NA,NA,NA,NA,NA,NA,NA,NA,NA,NA,NA,NA,NA,NA,NA,NA,2882740,2880917,?0.06%
Qatar,0,0,0,0,0,0,0,0,0,0,0.06,11586,21500,10.15,974,107853.8,115.39,0.03,QAR,NA,15309.43,1.91,0,100,0.4,1.68E+11,1.04,0.15,0.02,0.02,7.3,78.18,1.31E+11,13,NA,NA,NA,NA,NA,NA,NA,NA,NA,NA,NA,NA,NA,NA,NA,NA,NA,NA,NA,NA,NA,2781682,2832067,0.02
Lithuania,NA,NA,NA,NA,NA,NA,NA,NA,NA,NA,0.48,65300,29650,10.7,370,12838.17,112.64,0.01,EUR,NA,3821.15,1.7,0.35,67.99,1.16,47168303744,1.01,0.66,0.07,0.07,4.3,74.32,NA,10,2.41,NA,NA,NA,NA,NA,NA,NA,NA,NA,NA,NA,NA,NA,NA,NA,NA,NA,NA,NA,NA,2801264,2759627,?1.49%
Namibia,NA,NA,NA,NA,NA,NA,NA,NA,NA,NA,0.47,825615,15900,29.18,264,3755.01,146.03,0.07,NA,NA,1584.57,3.42,0.08,66.72,0.76,13244597345,1.11,0.09,0.08,0.08,32.3,64.39,1152430,265,NA,NA,NA,NA,NA,NA,NA,NA,NA,NA,NA,NA,NA,NA,NA,NA,NA,NA,NA,NA,NA,2448301,2494530,0.02
Gambia,NA,NA,NA,NA,NA,NA,NA,NA,NA,NA,0.6,11300,800,39.48,220,513.38,140.13,0.07,GMD,NA,NA,5.43,0.48,0,1.18,1014621520,0.97,0.03,0.05,0.05,42.2,61.19,NA,706,0.13,NA,NA,NA,NA,NA,NA,NA,NA,NA,NA,NA,NA,NA,NA,NA,NA,NA,NA,NA,NA,2280094,2347706,0.03
Botswana,NA,NA,NA,NA,NA,NA,NA,NA,NA,NA,0.46,581730,9000,23.67,267,7033.31,141.14,0.04,BWP,NA,1748.62,2.73,0.19,74.69,0.71,17406530781,1.05,0.23,0.05,0.05,32.6,66.8,977610000,129,0.29,NA,NA,NA,NA,NA,NA,NA,NA,NA,NA,NA,NA,NA,NA,NA,NA,NA,NA,NA,NA,2254068,2303697,0.02
Gabon,NA,NA,NA,NA,NA,NA,NA,NA,NA,NA,0.2,267667,6700,29.51,241,5192.47,111.3,0.02,XAF,NA,1172.89,3.79,0.89,24.2,0.92,14622880886,1.39,0.08,0.03,0.03,34.3,66.11,NA,291,1.46,NA,NA,NA,NA,NA,NA,NA,NA,NA,NA,NA,NA,NA,NA,NA,NA,NA,NA,NA,NA,2119275,2172579,0.03
Lesotho,NA,NA,NA,NA,NA,NA,NA,NA,NA,NA,0.75,30355,2000,27.87,266,2467.89,142.67,0.07,NA,NA,NA,3.09,0.02,0,0.7,2639386291,1.04,0.09,0.12,0.12,72.4,54.17,NA,487,0.41,NA,NA,NA,NA,NA,NA,NA,NA,NA,NA,NA,NA,NA,NA,NA,NA,NA,NA,NA,NA,2108328,2125268,0.01
Republic of North Macedonia,NA,NA,NA,NA,NA,NA,NA,NA,NA,NA,0.5,25713,15600,11.28,389,7510.02,110.91,0,MKD,NA,3497,1.53,0.4,79.28,1.11,11337827332,0.94,0.41,0.07,0.07,10.7,75.7,NA,8,213.04,NA,NA,NA,NA,NA,NA,NA,NA,NA,NA,NA,NA,NA,NA,NA,NA,NA,NA,NA,NA,2082957,2083459,0
Slovenia,NA,NA,NA,NA,NA,NA,NA,NA,NA,NA,0.31,20273,13200,9.9,386,12812.5,107.4,0,EUR,NA,6728,1.57,0.62,60.87,1.32,48769655479,0.99,0.8,0.09,0.09,1.8,80.78,6318340000,9,5.25,NA,NA,NA,NA,NA,NA,NA,NA,NA,NA,NA,NA,NA,NA,NA,NA,NA,NA,NA,NA,2077837,2078654,0
Guinea-Bissau,NA,NA,NA,NA,NA,NA,NA,NA,NA,NA,0.58,36125,4450,36.58,245,271.36,111.65,0.02,XOF,NA,NA,4.63,0.7,0,NA,1346933490,1.18,0.03,0.06,0.06,57.8,57.4,NA,549,0.16,NA,NA,NA,NA,NA,NA,NA,NA,NA,NA,NA,NA,NA,NA,NA,NA,NA,NA,NA,NA,1874303,1920922,0.02
Latvia,NA,NA,NA,NA,NA,NA,NA,NA,NA,NA,0.3,64589,5310,11.2,371,6974.63,110.85,0,EUR,NA,3507.4,1.7,0.54,56.72,1.16,30264454642,0.98,0.68,0.06,0.06,3.9,74.53,NA,18,2.8,NA,NA,NA,NA,NA,NA,NA,NA,NA,NA,NA,NA,NA,NA,NA,NA,NA,NA,NA,NA,1928459,1906743,?1.13%
Bahrain,0,0,0,0,0,0,0,0,0,0,0.11,765.3,19460,14.76,973,31338.18,115.19,0.03,BHD,NA,19592.23,2.03,0.01,100,0.43,35307127660,1.01,0.47,0.04,0.04,6.5,76.9,21706180000,15,NA,NA,NA,NA,NA,NA,NA,NA,NA,NA,NA,NA,NA,NA,NA,NA,NA,NA,NA,NA,NA,1569446,1641172,0.05
Trinidad and Tobago,NA,NA,NA,NA,NA,NA,NA,NA,NA,NA,0.11,5128,4050,13.61,1,46273.87,140.32,0.03,TTD,NA,7134.03,1.75,0.46,99.93,0.54,22104775828,1.06,0.12,0.05,0.05,16.5,70.67,3889100000,63,2.25,NA,NA,NA,NA,NA,NA,NA,NA,NA,NA,NA,NA,NA,NA,NA,NA,NA,NA,NA,NA,1389843,1394973,0
Equatorial Guinea,NA,NA,NA,NA,NA,NA,NA,NA,NA,NA,0.1,28051,1450,34.11,240,5346.49,121.19,0.01,XAF,NA,NA,4.69,0.56,0,NA,12486753871,0.62,0.02,0.05,0.05,66.2,57.68,NA,342,1.05,NA,NA,NA,NA,NA,NA,NA,NA,NA,NA,NA,NA,NA,NA,NA,NA,NA,NA,NA,NA,1308975,1355986,0.04
Estonia,NA,NA,NA,NA,NA,NA,NA,NA,NA,NA,0.23,45228,6400,10.7,372,19519.44,115.46,0,EUR,NA,6732.37,1.58,0.53,12.29,1.14,25921079612,0.97,0.72,0.06,0.06,2.3,77.74,NA,9,3.14,NA,NA,NA,NA,NA,NA,NA,NA,NA,NA,NA,NA,NA,NA,NA,NA,NA,NA,NA,NA,1322920,1325648,0
Timor-Leste,NA,NA,NA,NA,NA,NA,NA,NA,NA,NA,0.26,14874,1330,35.05,670,469.38,141.64,-0.01,USD,NA,NA,5.5,0.46,0,1.1,2954621000,1.09,0.19,0.04,0.04,42.4,68.88,NA,215,0.6,NA,NA,NA,NA,NA,NA,NA,NA,NA,NA,NA,NA,NA,NA,NA,NA,NA,NA,NA,NA,1267974,1293119,0.02
Mauritius,NA,NA,NA,NA,NA,NA,NA,NA,NA,NA,0.42,2040,2550,10.4,230,4228.05,125.36,0.01,MUR,NA,2182.51,1.4,0.19,84.54,1.12,13338147523,1.02,0.39,0.05,0.05,12.2,74.39,9742920000,53,0.38,NA,NA,NA,NA,NA,NA,NA,NA,NA,NA,NA,NA,NA,NA,NA,NA,NA,NA,NA,NA,1189265,1198575,0.01
Cyprus,NA,NA,NA,NA,NA,NA,NA,NA,NA,NA,0.14,9251,15750,10.83,357,6061.55,100.54,-0.01,EUR,NA,3624.9,1.34,0.19,92.91,1.23,21651791751,0.99,0.6,0.07,0.07,2.1,80.51,2822392823,7,NA,NA,NA,NA,NA,NA,NA,NA,NA,NA,NA,NA,NA,NA,NA,NA,NA,NA,NA,NA,NA,1170125,1179551,0.01
Swaziland,NA,NA,NA,NA,NA,NA,NA,NA,NA,NA,0.71,17364,3000,28.85,268,1202.78,155.13,0.08,NA,NA,NA,3.08,0.34,0,0.77,4408564260,1.08,0.05,0.09,0.09,52.4,57.75,234260000,389,NA,NA,NA,NA,NA,NA,NA,NA,NA,NA,NA,NA,NA,NA,NA,NA,NA,NA,NA,NA,NA,1136281,1148130,0.01
Djibouti,NA,NA,NA,NA,NA,NA,NA,NA,NA,NA,0.73,23200,13100,23,253,722.4,116.22,0.03,DJF,NA,NA,2.85,0,0,1.32,1844674435,0.64,0.05,0.09,0.09,53.5,62.47,NA,229,NA,NA,NA,NA,NA,NA,NA,NA,NA,NA,NA,NA,NA,NA,NA,NA,NA,NA,NA,NA,NA,958923,973560,0.02
Fiji,NA,NA,NA,NA,NA,NA,NA,NA,NA,NA,0.23,18274,3500,19.39,679,1169.77,124.9,0.04,FJD,NA,NA,2.52,0.56,0,0.82,5061202767,1.06,0.16,0.04,0.04,18.7,70.27,NA,30,1.28,NA,NA,NA,NA,NA,NA,NA,NA,NA,NA,NA,NA,NA,NA,NA,NA,NA,NA,NA,NA,883483,889953,0.01
Réunion,NA,NA,NA,NA,NA,NA,NA,NA,NA,NA,NA,2512,NA,NA,NA,NA,NA,NA,NA,NA,NA,NA,NA,NA,NA,NA,NA,NA,NA,NA,NA,NA,NA,NA,NA,NA,NA,NA,NA,NA,NA,NA,NA,NA,NA,NA,NA,NA,NA,NA,NA,NA,NA,NA,NA,882526,888927,0.01
Comoros,NA,NA,NA,NA,NA,NA,NA,NA,NA,NA,0.71,2235,NA,32.86,269,154.01,103.62,-0.08,KMF,NA,NA,4.35,0.2,0,NA,648920942.7,1.05,0.09,0.05,0.05,55,63.7,NA,335,0.71,NA,NA,NA,NA,NA,NA,NA,NA,NA,NA,NA,NA,NA,NA,NA,NA,NA,NA,NA,NA,832322,850886,0.02
Guyana,NA,NA,NA,NA,NA,NA,NA,NA,NA,NA,0.09,214970,3400,20.58,592,2009.52,110.27,0.01,GYD,NA,NA,2.51,0.84,0,0.9,3675631961,0.96,0.12,0.07,0.07,26.9,66.65,NA,229,0.98,NA,NA,NA,NA,NA,NA,NA,NA,NA,NA,NA,NA,NA,NA,NA,NA,NA,NA,NA,NA,779006,782766,0
Bhutan,NA,NA,NA,NA,NA,NA,NA,NA,NA,NA,0.14,38394,6000,18.17,975,1001.09,158.43,0.04,BTN,NA,NA,2.05,0.72,0,0.98,2511852941,0.95,0.11,0.04,0.04,26.8,70.2,NA,148,0.32,NA,NA,NA,NA,NA,NA,NA,NA,NA,NA,NA,NA,NA,NA,NA,NA,NA,NA,NA,NA,754388,763092,0.01
Solomon Islands,NA,NA,NA,NA,NA,NA,NA,NA,NA,NA,0.04,28400,NA,28.71,677,201.69,126.54,-0.01,SBD,NA,NA,3.85,0.78,0,NA,1303453616,1.15,NA,0.08,0.08,21.8,70.73,NA,114,0.4,NA,NA,NA,NA,NA,NA,NA,NA,NA,NA,NA,NA,NA,NA,NA,NA,NA,NA,NA,NA,652857,669823,0.03
Macau,NA,NA,NA,NA,NA,NA,NA,NA,NA,NA,NA,28.2,NA,12.15,853,1283.45,134.45,0.02,NA,NA,NA,1.31,NA,NA,NA,50361201096,1.06,0.78,NA,NA,NA,83.85,NA,NA,NA,NA,NA,NA,NA,NA,NA,NA,NA,NA,NA,NA,NA,NA,NA,NA,NA,NA,NA,NA,NA,631636,640445,0.01
Montenegro,NA,NA,NA,NA,NA,NA,NA,NA,NA,NA,0.17,13812,12050,11.36,382,2211.2,113.36,0,EUR,NA,4612.34,1.67,0.61,64.67,1.16,4774086094,0.96,0.57,0.08,0.08,3.5,77.12,3787240000,7,1.23,NA,NA,NA,NA,NA,NA,NA,NA,NA,NA,NA,NA,NA,NA,NA,NA,NA,NA,NA,NA,627809,627987,0
Luxembourg,NA,NA,NA,NA,NA,NA,NA,NA,NA,NA,0.51,2586.4,1500,10.4,352,9658.88,111.41,0,EUR,NA,13914.68,1.47,0.33,80.92,1.19,62404461275,0.99,0.2,0.07,0.07,2,82.29,68639080000,10,13.05,NA,NA,NA,NA,NA,NA,NA,NA,NA,NA,NA,NA,NA,NA,NA,NA,NA,NA,NA,NA,604245,615729,0.02
NA,NA,NA,NA,NA,NA,NA,NA,NA,NA,NA,NA,NA,NA,NA,NA,NA,NA,NA,NA,NA,NA,NA,NA,NA,NA,NA,NA,NA,NA,NA,NA,NA,NA,NA,NA,NA,NA,NA,NA,NA,NA,NA,NA,NA,NA,NA,NA,NA,NA,NA,NA,NA,NA,NA,NA,567402,582463,0.03
Suriname,NA,NA,NA,NA,NA,NA,NA,NA,NA,NA,0.01,163820,1940,18.22,597,1991.18,264.07,0.52,SRD,NA,3631.86,2.37,0.98,76.25,1.29,3324385325,1.21,0.13,0.06,0.06,17.8,71.41,NA,155,NA,NA,NA,NA,NA,NA,NA,NA,NA,NA,NA,NA,NA,NA,NA,NA,NA,NA,NA,NA,NA,575990,581372,0.01
Cape Verde,NA,NA,NA,NA,NA,NA,NA,NA,NA,NA,0.2,4033,1200,20.9,238,491.38,107.93,-0.01,CVE,NA,NA,2.33,0.22,0,1.02,1753736712,0.97,0.22,0.04,0.04,18.2,72.8,NA,42,0.68,NA,NA,NA,NA,NA,NA,NA,NA,NA,NA,NA,NA,NA,NA,NA,NA,NA,NA,NA,NA,543767,549935,0.01
Maldives,NA,NA,NA,NA,NA,NA,NA,NA,NA,NA,0.26,298,5000,18.27,960,1334.79,136.31,0.01,MVR,NA,NA,2.09,0.03,0,1.63,4597083304,1.02,0.14,0.09,0.09,7.3,77.34,NA,68,NA,NA,NA,NA,NA,NA,NA,NA,NA,NA,NA,NA,NA,NA,NA,NA,NA,NA,NA,NA,NA,515696,530953,0.03
Guadeloupe,NA,NA,NA,NA,NA,NA,NA,NA,NA,NA,NA,1628,NA,NA,NA,NA,NA,NA,NA,NA,NA,NA,NA,NA,NA,NA,NA,NA,NA,NA,NA,NA,NA,NA,NA,NA,NA,NA,NA,NA,NA,NA,NA,NA,NA,NA,NA,NA,NA,NA,NA,NA,NA,NA,NA,446928,447905,0
Malta,NA,NA,NA,NA,NA,NA,NA,NA,NA,NA,0.32,316,2130,10.2,356,2346.88,110.34,0.01,EUR,NA,4924.54,1.45,0.01,97.79,1.36,12537750732,1.05,0.49,0.09,0.09,5.9,81.8,5171190000,9,5.07,NA,NA,NA,NA,NA,NA,NA,NA,NA,NA,NA,NA,NA,NA,NA,NA,NA,NA,NA,NA,439248,440372,0
Brunei,NA,NA,NA,NA,NA,NA,NA,NA,NA,NA,0.03,5765,12100,15.87,673,9108.83,99.11,-0.01,BND,NA,10242.8,1.87,0.72,100,0.37,12128089002,1.07,0.31,0.02,0.02,8.5,77.2,NA,23,NA,NA,NA,NA,NA,NA,NA,NA,NA,NA,NA,NA,NA,NA,NA,NA,NA,NA,NA,NA,NA,428963,433285,0.01
Belize,NA,NA,NA,NA,NA,NA,NA,NA,NA,NA,0.07,22966,1500,22.53,501,495.05,105.68,-0.01,BZD,NA,NA,2.51,0.6,0,1.13,1838000000,1.15,0.24,0.06,0.06,12.8,70.38,NA,28,1.65,NA,NA,NA,NA,NA,NA,NA,NA,NA,NA,NA,NA,NA,NA,NA,NA,NA,NA,NA,NA,383071,390353,0.02
Bahamas,NA,NA,NA,NA,NA,NA,NA,NA,NA,NA,0.01,13878,1300,14.27,1,2416.55,110.88,0,NA,NA,NA,1.77,0.51,0,0.92,12162100000,0.95,0.15,0.08,0.08,8.6,75.68,NA,80,5.25,NA,NA,NA,NA,NA,NA,NA,NA,NA,NA,NA,NA,NA,NA,NA,NA,NA,NA,NA,NA,385637,389482,0.01
Martinique,NA,NA,NA,NA,NA,NA,NA,NA,NA,NA,NA,1128,NA,NA,596,NA,NA,NA,NA,NA,NA,NA,NA,NA,NA,NA,NA,NA,NA,NA,NA,NA,NA,NA,NA,NA,NA,NA,NA,NA,NA,NA,NA,NA,NA,NA,NA,NA,NA,NA,NA,NA,NA,NA,NA,375673,375554,?0.03%
Iceland,NA,NA,NA,NA,NA,NA,NA,NA,NA,NA,0.19,103000,250,12,354,1983.85,121.96,0.02,ISK,NA,53832.48,1.8,0,11.52,1.69,23909289979,0.99,0.76,0.09,0.09,1.6,82.47,NA,3,NA,NA,NA,NA,NA,NA,NA,NA,NA,NA,NA,NA,NA,NA,NA,NA,NA,NA,NA,NA,NA,336713,339031,0.01
Vanuatu,NA,NA,NA,NA,NA,NA,NA,NA,NA,NA,0.15,12189,NA,25.86,678,154.01,108.05,0.01,VUV,NA,NA,3.28,0.36,0,1.31,862879789.4,1.2,0.05,0.04,0.04,23.1,72.13,NA,78,1.56,NA,NA,NA,NA,NA,NA,NA,NA,NA,NA,NA,NA,NA,NA,NA,NA,NA,NA,NA,NA,292680,299882,0.02
Barbados,NA,NA,NA,NA,NA,NA,NA,NA,NA,NA,0.33,439,610,11.91,1,1272.45,124.25,-0.01,BBD,NA,NA,1.8,0.15,0,1.81,4796845981,0.93,0.65,0.06,0.06,11.4,75.91,4567520000,27,3.13,NA,NA,NA,NA,NA,NA,NA,NA,NA,NA,NA,NA,NA,NA,NA,NA,NA,NA,NA,NA,286641,287025,0
New Caledonia,NA,NA,NA,NA,NA,NA,NA,NA,NA,NA,0.1,18575,NA,15.4,687,4290.39,NA,NA,NA,NA,NA,2.08,0.46,NA,NA,2682347064,NA,NA,NA,NA,NA,76.96,NA,NA,NA,NA,NA,NA,NA,NA,NA,NA,NA,NA,NA,NA,NA,NA,NA,NA,NA,NA,NA,NA,NA,279993,282750,0.01
French Guiana,NA,NA,NA,NA,NA,NA,NA,NA,NA,NA,NA,83534,NA,NA,NA,NA,NA,NA,NA,NA,NA,NA,NA,NA,NA,NA,NA,NA,NA,NA,NA,NA,NA,NA,NA,NA,NA,NA,NA,NA,NA,NA,NA,NA,NA,NA,NA,NA,NA,NA,NA,NA,NA,NA,NA,275713,282731,0.03
French Polynesia,NA,NA,NA,NA,NA,NA,NA,NA,NA,NA,0.12,4167,NA,15.38,689,803.07,NA,NA,NA,NA,NA,2.01,0.42,NA,1.7,3447543138,NA,NA,NA,NA,NA,76.81,NA,NA,NA,NA,NA,NA,NA,NA,NA,NA,NA,NA,NA,NA,NA,NA,NA,NA,NA,NA,NA,NA,NA,277679,279287,0.01
Mayotte,NA,NA,NA,NA,NA,NA,NA,NA,NA,NA,NA,374,NA,NA,262,NA,NA,NA,NA,NA,NA,NA,NA,NA,NA,NA,NA,NA,NA,NA,NA,NA,NA,NA,NA,NA,NA,NA,NA,NA,NA,NA,NA,NA,NA,NA,NA,NA,NA,NA,NA,NA,NA,NA,NA,259531,266150,0.03
São Tomé and Príncipe,NA,NA,NA,NA,NA,NA,NA,NA,NA,NA,0.51,964,1000,33.83,239,113.68,171.58,0.05,STN,NA,NA,4.46,0.56,0,NA,390871568.6,1.1,0.13,0.08,0.08,26.2,66.62,NA,156,NA,NA,NA,NA,NA,NA,NA,NA,NA,NA,NA,NA,NA,NA,NA,NA,NA,NA,NA,NA,NA,211028,215056,0.02
Samoa,NA,NA,NA,NA,NA,NA,NA,NA,NA,NA,0.12,2842,NA,24.69,685,198.02,111.56,0.01,WST,NA,NA,3.98,0.6,0,0.91,856626506,1.08,0.08,0.07,0.07,14.8,75.01,NA,51,0.78,NA,NA,NA,NA,NA,NA,NA,NA,NA,NA,NA,NA,NA,NA,NA,NA,NA,NA,NA,NA,196129,197097,0
Saint Lucia,NA,NA,NA,NA,NA,NA,NA,NA,NA,NA,0.17,616,NA,12.11,1,407.04,108.04,-0.03,XCD,NA,NA,1.46,0.33,0,1.3,1712306556,1.01,0.19,0.08,0.08,11.8,75.5,NA,48,NA,NA,NA,NA,NA,NA,NA,NA,NA,NA,NA,NA,NA,NA,NA,NA,NA,NA,NA,NA,NA,181889,182790,0.01
Guernsey,NA,NA,NA,NA,NA,NA,NA,NA,NA,NA,NA,78,NA,NA,44,NA,NA,NA,NA,NA,NA,NA,NA,NA,NA,2742000000,NA,NA,NA,NA,NA,NA,NA,NA,NA,NA,NA,NA,NA,NA,NA,NA,NA,NA,NA,NA,NA,NA,NA,NA,NA,NA,NA,NA,NA,170499,172259,0.01
Guam,NA,NA,NA,NA,NA,NA,NA,NA,NA,NA,0.33,544,NA,16.78,1,NA,NA,NA,NA,NA,NA,2.35,0.46,NA,NA,5793000000,NA,NA,NA,NA,NA,79.58,NA,NA,NA,NA,NA,NA,NA,NA,NA,NA,NA,NA,NA,NA,NA,NA,NA,NA,NA,NA,NA,NA,NA,165768,167294,0.01
Curaçao,NA,NA,NA,NA,NA,NA,NA,NA,NA,NA,NA,444,NA,11.2,599,5881.87,108.08,NA,NA,NA,4797.67,1.7,NA,99.86,NA,NA,1.73,0.21,NA,NA,NA,77.87,NA,NA,NA,NA,NA,NA,NA,NA,NA,NA,NA,NA,NA,NA,NA,NA,NA,NA,NA,NA,NA,NA,NA,162752,163424,0
Kiribati,NA,NA,NA,NA,NA,NA,NA,NA,NA,NA,0.42,811,NA,28.22,686,62.34,99.55,NA,AUD,NA,NA,3.65,0.15,0,NA,196150061.3,1.05,NA,0.11,0.11,42.4,66.32,NA,90,NA,NA,NA,NA,NA,NA,NA,NA,NA,NA,NA,NA,NA,NA,NA,NA,NA,NA,NA,NA,NA,115847,117606,0.02
Federated States of Micronesia,NA,NA,NA,NA,NA,NA,NA,NA,NA,NA,0.31,702,NA,23.71,691,150.35,112.55,NA,USD,NA,NA,3.15,0.92,NA,NA,336427532.9,0.96,0.14,0.13,0.13,27.5,69.2,NA,100,NA,NA,NA,NA,NA,NA,NA,NA,NA,NA,NA,NA,NA,NA,NA,NA,NA,NA,NA,NA,NA,112640,113815,0.01
Grenada,NA,NA,NA,NA,NA,NA,NA,NA,NA,NA,0.24,348.5,NA,18.68,1,242.02,106.57,0.02,XCD,NA,NA,2.1,0.5,0,1.12,1118816679,1.01,0.91,0.06,0.06,14.4,73.66,NA,27,NA,NA,NA,NA,NA,NA,NA,NA,NA,NA,NA,NA,NA,NA,NA,NA,NA,NA,NA,NA,NA,111454,112003,0
Tonga,NA,NA,NA,NA,NA,NA,NA,NA,NA,NA,0.46,747,NA,23.98,676,121.01,112.71,0.03,TOP,NA,NA,3.64,0.13,0,NA,426057453.1,1.08,0.06,0.05,0.05,14.1,73.03,NA,124,NA,NA,NA,NA,NA,NA,NA,NA,NA,NA,NA,NA,NA,NA,NA,NA,NA,NA,NA,NA,NA,110589,110940,0
Saint Vincent and the Grenadines,NA,NA,NA,NA,NA,NA,NA,NA,NA,NA,0.26,389,NA,15.51,1,209.02,107.17,0,XCD,NA,NA,1.93,0.69,0,NA,789629629.6,1.03,0.06,0.05,0.05,15.2,73.18,NA,45,1.16,NA,NA,NA,NA,NA,NA,NA,NA,NA,NA,NA,NA,NA,NA,NA,NA,NA,NA,NA,NA,110211,110589,0
Aruba,NA,NA,NA,NA,NA,NA,NA,NA,NA,NA,0.11,180,NA,10.97,297,872.75,101.99,-0.01,NA,NA,NA,1.8,0.02,NA,NA,2584463687,1.17,0.15,NA,NA,NA,75.87,NA,NA,NA,NA,NA,NA,NA,NA,NA,NA,NA,NA,NA,NA,NA,NA,NA,NA,NA,NA,NA,NA,NA,105845,106314,0
United States Virgin Islands,NA,NA,NA,NA,NA,NA,NA,NA,NA,NA,NA,346.36,NA,NA,340,NA,NA,NA,NA,NA,NA,1.8,NA,NA,NA,1996000000,NA,NA,NA,NA,NA,79.47,NA,NA,NA,NA,NA,NA,NA,NA,NA,NA,NA,NA,NA,NA,NA,NA,NA,NA,NA,NA,NA,NA,NA,104680,104578,?0.10%
Seychelles,NA,NA,NA,NA,NA,NA,NA,NA,NA,NA,0.03,459,840,17.4,248,495.05,123.09,-0.01,SCR,NA,NA,2.78,0.88,0,NA,1485994388,1.13,0.21,0.05,0.05,12.3,74.31,NA,NA,2,NA,NA,NA,NA,NA,NA,NA,NA,NA,NA,NA,NA,NA,NA,NA,NA,NA,NA,NA,NA,97096,97739,0.01
Antigua and Barbuda,NA,NA,NA,NA,NA,NA,NA,NA,NA,NA,0.2,442.6,180,16.23,1,531.72,112.45,0,XCD,NA,NA,2.05,0.22,0,0.99,1532397556,0.88,0.22,0.05,0.05,5.1,76.36,NA,NA,3.04,NA,NA,NA,NA,NA,NA,NA,NA,NA,NA,NA,NA,NA,NA,NA,NA,NA,NA,NA,NA,96286,97118,0.01
Isle of Man,NA,NA,NA,NA,NA,NA,NA,NA,NA,NA,0.71,572,NA,11.4,44,NA,NA,NA,NA,NA,NA,1.65,0.06,NA,NA,6792417112,NA,NA,NA,NA,NA,77.97,NA,NA,NA,NA,NA,NA,NA,NA,NA,NA,NA,NA,NA,NA,NA,NA,NA,NA,NA,NA,NA,NA,NA,84077,84584,0.01
Andorra,NA,NA,NA,NA,NA,NA,NA,NA,NA,NA,0.4,468,NA,8.8,376,462.04,NA,NA,EUR,NA,NA,1.27,0.34,NA,1.51,3012914131,1.14,NA,0.08,0.08,2.4,NA,NA,NA,6.63,NA,NA,NA,NA,NA,NA,NA,NA,NA,NA,NA,NA,NA,NA,NA,NA,NA,NA,NA,NA,77006,77142,0
Dominica,NA,NA,NA,NA,NA,NA,NA,NA,NA,NA,0.33,751,NA,12,1,135.68,103.06,0,XCD,NA,NA,1.9,0.58,0,NA,562540740.7,1.12,0.07,0.06,0.06,31.2,76.6,NA,NA,1.48,NA,NA,NA,NA,NA,NA,NA,NA,NA,NA,NA,NA,NA,NA,NA,NA,NA,NA,NA,NA,71625,71808,0
Cayman Islands,NA,NA,NA,NA,NA,NA,NA,NA,NA,NA,0.11,264,NA,10.7,1,542.72,102.94,NA,NA,NA,NA,NA,0.53,NA,NA,3207032513,NA,NA,NA,NA,NA,82.19,315630000,NA,NA,NA,NA,NA,NA,NA,NA,NA,NA,NA,NA,NA,NA,NA,NA,NA,NA,NA,NA,NA,NA,64174,64948,0.01
Bermuda,NA,NA,NA,NA,NA,NA,NA,NA,NA,NA,0.06,53.2,NA,9.6,1,575.72,NA,NA,NA,NA,NA,1.61,0.2,NA,NA,5573710000,0.9,0.17,NA,NA,NA,81.23,2718790000,NA,NA,NA,NA,NA,NA,NA,NA,NA,NA,NA,NA,NA,NA,NA,NA,NA,NA,NA,NA,NA,NA,62756,62506,?0.40%
Marshall Islands,NA,NA,NA,NA,NA,NA,NA,NA,NA,NA,0.64,181.43,NA,31.23,692,102.68,NA,NA,USD,NA,NA,4.05,0.7,0,1.44,199399247.1,0.89,0.43,0.16,0.16,29.1,65.24,NA,NA,2,NA,NA,NA,NA,NA,NA,NA,NA,NA,NA,NA,NA,NA,NA,NA,NA,NA,NA,NA,NA,58413,58791,0.01
Greenland,NA,NA,NA,NA,NA,NA,NA,NA,NA,NA,0.01,2166086,NA,14.8,299,506.05,NA,NA,NA,NA,NA,2,0,NA,NA,2705891617,NA,NA,NA,NA,NA,71.83,NA,NA,NA,NA,NA,NA,NA,NA,NA,NA,NA,NA,NA,NA,NA,NA,NA,NA,NA,NA,NA,NA,NA,56564,56672,0
Northern Mariana Islands,NA,NA,NA,NA,NA,NA,NA,NA,NA,NA,0.07,464,NA,NA,1,NA,NA,NA,NA,NA,NA,NA,0.64,NA,NA,1242000000,NA,NA,NA,NA,NA,NA,NA,NA,NA,NA,NA,NA,NA,NA,NA,NA,NA,NA,NA,NA,NA,NA,NA,NA,NA,NA,NA,NA,NA,56882,56188,?1.22%
American Samoa,NA,NA,NA,NA,NA,NA,NA,NA,NA,NA,0.25,199,NA,17.5,1,NA,NA,NA,NA,NA,NA,NA,0.88,NA,NA,658000000,NA,NA,NA,NA,NA,NA,NA,NA,NA,NA,NA,NA,NA,NA,NA,NA,NA,NA,NA,NA,NA,NA,NA,NA,NA,NA,NA,NA,NA,55465,55312,?0.28%
Saint Kitts and Nevis,NA,NA,NA,NA,NA,NA,NA,NA,NA,NA,0.23,261,NA,17.3,1,231.02,105.54,-0.01,XCD,NA,NA,2.11,0.42,0,NA,945854481.5,NA,NA,0.06,0.06,7.6,71.34,NA,NA,3.33,NA,NA,NA,NA,NA,NA,NA,NA,NA,NA,NA,NA,NA,NA,NA,NA,NA,NA,NA,NA,52441,52823,0.01
Faroe Islands,NA,NA,NA,NA,NA,NA,NA,NA,NA,NA,NA,1393,NA,NA,298,NA,NA,NA,NA,NA,NA,NA,NA,NA,NA,2198138372,NA,NA,NA,NA,NA,82.04,NA,NA,NA,NA,NA,NA,NA,NA,NA,NA,NA,NA,NA,NA,NA,NA,NA,NA,NA,NA,NA,NA,NA,48497,48678,0
Sint Maarten,NA,NA,NA,NA,NA,NA,NA,NA,NA,NA,NA,34,NA,NA,1,NA,NA,NA,NA,NA,NA,NA,NA,NA,NA,NA,NA,NA,NA,NA,NA,NA,NA,NA,NA,NA,NA,NA,NA,NA,NA,NA,NA,NA,NA,NA,NA,NA,NA,NA,NA,NA,NA,NA,NA,41940,42388,0.01
Monaco,NA,NA,NA,NA,NA,NA,NA,NA,NA,NA,NA,2.02,NA,7.8,377,NA,NA,NA,EUR,NA,NA,NA,NA,NA,2,6074884389,NA,NA,0.04,0.04,2.8,NA,NA,NA,11.72,NA,NA,NA,NA,NA,NA,NA,NA,NA,NA,NA,NA,NA,NA,NA,NA,NA,NA,NA,NA,38682,38964,0.01
Turks and Caicos Islands,NA,NA,NA,NA,NA,NA,NA,NA,NA,NA,0.01,948,NA,NA,1,205.35,NA,NA,NA,NA,NA,NA,0.36,NA,NA,NA,NA,NA,NA,NA,NA,NA,NA,NA,NA,NA,NA,NA,NA,NA,NA,NA,NA,NA,NA,NA,NA,NA,NA,NA,NA,NA,NA,NA,NA,37665,38191,0.01
Liechtenstein,NA,NA,NA,NA,NA,NA,NA,NA,NA,NA,0.32,160,NA,10,423,44,NA,NA,CHF,NA,NA,1.4,0.43,NA,1.74,6289165410,1.05,0.35,NA,NA,NA,82.66,NA,NA,NA,NA,NA,NA,NA,NA,NA,NA,NA,NA,NA,NA,NA,NA,NA,NA,NA,NA,NA,NA,NA,37910,38019,0
San Marino,NA,NA,NA,NA,NA,NA,NA,NA,NA,NA,0.17,61.2,NA,7.9,378,NA,110.63,0.01,EUR,NA,NA,1.26,0,NA,NA,1658778454,0.93,0.6,0.07,0.07,2.5,85.42,NA,NA,NA,NA,NA,NA,NA,NA,NA,NA,NA,NA,NA,NA,NA,NA,NA,NA,NA,NA,NA,NA,NA,33785,33860,0
Gibraltar,NA,NA,NA,NA,NA,NA,NA,NA,NA,NA,NA,6.5,NA,NA,350,NA,NA,NA,NA,NA,NA,NA,NA,NA,NA,1066000000,NA,NA,NA,NA,NA,NA,NA,NA,NA,NA,NA,NA,NA,NA,NA,NA,NA,NA,NA,NA,NA,NA,NA,NA,NA,NA,NA,NA,NA,33718,33701,?0.05%
British Virgin Islands,NA,NA,NA,NA,NA,NA,NA,NA,NA,NA,NA,153,NA,NA,1,NA,NA,NA,NA,NA,NA,NA,NA,NA,NA,839700000,NA,NA,NA,NA,NA,NA,NA,NA,NA,NA,NA,NA,NA,NA,NA,NA,NA,NA,NA,NA,NA,NA,NA,NA,NA,NA,NA,NA,NA,29802,30030,0.01
NA,NA,NA,NA,NA,NA,NA,NA,NA,NA,NA,NA,NA,NA,NA,NA,NA,NA,NA,NA,NA,NA,NA,NA,NA,NA,NA,NA,NA,NA,NA,NA,NA,NA,NA,NA,NA,NA,NA,NA,NA,NA,NA,NA,NA,NA,NA,NA,NA,NA,NA,NA,NA,NA,NA,NA,25711,25979,0.01
Palau,NA,NA,NA,NA,NA,NA,NA,NA,NA,NA,0.11,459,NA,12,680,260.36,118.17,NA,USD,NA,NA,2.21,0.88,0,NA,291544300,1.15,0.64,0.09,0.09,13.7,69.13,NA,NA,3,NA,NA,NA,NA,NA,NA,NA,NA,NA,NA,NA,NA,NA,NA,NA,NA,NA,NA,NA,NA,17907,18008,0.01
Cook Islands,NA,NA,NA,NA,NA,NA,NA,NA,NA,NA,NA,236,NA,NA,682,NA,NA,NA,NA,NA,NA,NA,NA,NA,NA,183000000,NA,NA,NA,NA,NA,NA,NA,NA,NA,NA,NA,NA,NA,NA,NA,NA,NA,NA,NA,NA,NA,NA,NA,NA,NA,NA,NA,NA,NA,17518,17548,0
Anguilla,NA,NA,NA,NA,NA,NA,NA,NA,NA,NA,NA,91,NA,NA,1,NA,NA,NA,NA,NA,NA,NA,NA,NA,NA,108900000,NA,NA,NA,NA,NA,NA,NA,NA,NA,NA,NA,NA,NA,NA,NA,NA,NA,NA,NA,NA,NA,NA,NA,NA,NA,NA,NA,NA,NA,14731,14869,0.01
Tuvalu,NA,NA,NA,NA,NA,NA,NA,NA,NA,NA,0.6,26,NA,NA,688,11,NA,NA,AUD,NA,NA,NA,0.33,NA,NA,39731317.3,1.19,NA,0.15,0.15,21.4,NA,NA,NA,NA,NA,NA,NA,NA,NA,NA,NA,NA,NA,NA,NA,NA,NA,NA,NA,NA,NA,NA,NA,NA,11508,11646,0.01
Wallis and Futuna,NA,NA,NA,NA,NA,NA,NA,NA,NA,NA,NA,142,NA,NA,681,NA,NA,NA,NA,NA,NA,NA,NA,NA,NA,NA,NA,NA,NA,NA,NA,NA,NA,NA,NA,NA,NA,NA,NA,NA,NA,NA,NA,NA,NA,NA,NA,NA,NA,NA,NA,NA,NA,NA,NA,11661,11432,?1.96%
Nauru,NA,NA,NA,NA,NA,NA,NA,NA,NA,NA,NA,21,NA,NA,674,NA,NA,NA,AUD,NA,NA,NA,NA,NA,NA,114000000,NA,NA,NA,NA,NA,NA,NA,NA,NA,NA,NA,NA,NA,NA,NA,NA,NA,NA,NA,NA,NA,NA,NA,NA,NA,NA,NA,NA,NA,10670,10756,0.01
Saint Helena,NA,NA,NA,NA,NA,NA,NA,NA,NA,NA,NA,394,NA,NA,NA,NA,NA,NA,NA,NA,NA,NA,NA,NA,NA,NA,NA,NA,NA,NA,NA,NA,NA,NA,NA,NA,NA,NA,NA,NA,NA,NA,NA,NA,NA,NA,NA,NA,NA,NA,NA,NA,NA,NA,NA,6035,6059,0
Saint Pierre and Miquelon,NA,NA,NA,NA,NA,NA,NA,NA,NA,NA,NA,242,NA,NA,508,NA,NA,NA,NA,NA,NA,NA,NA,NA,NA,NA,NA,NA,NA,NA,NA,NA,NA,NA,NA,NA,NA,NA,NA,NA,NA,NA,NA,NA,NA,NA,NA,NA,NA,NA,NA,NA,NA,NA,NA,5849,5822,?0.46%
Montserrat,NA,NA,NA,NA,NA,NA,NA,NA,NA,NA,NA,102,NA,NA,1,NA,NA,NA,NA,NA,NA,NA,NA,NA,NA,NA,NA,NA,NA,NA,NA,NA,NA,NA,NA,NA,NA,NA,NA,NA,NA,NA,NA,NA,NA,NA,NA,NA,NA,NA,NA,NA,NA,NA,NA,4993,4989,?0.08%
Falkland Islands,NA,NA,NA,NA,NA,NA,NA,NA,NA,NA,NA,12173,NA,NA,500,NA,NA,NA,NA,NA,NA,NA,NA,NA,NA,NA,NA,NA,NA,NA,NA,NA,NA,NA,NA,NA,NA,NA,NA,NA,NA,NA,NA,NA,NA,NA,NA,NA,NA,NA,NA,NA,NA,NA,NA,3234,3377,0.04
Niue,NA,NA,NA,NA,NA,NA,NA,NA,NA,NA,NA,260,NA,NA,683,NA,NA,NA,NZD,NA,NA,NA,NA,NA,NA,10010000,NA,NA,NA,NA,NA,NA,NA,NA,NA,NA,NA,NA,NA,NA,NA,NA,NA,NA,NA,NA,NA,NA,NA,NA,NA,NA,NA,NA,NA,1620,1615,?0.31%
Tokelau,NA,NA,NA,NA,NA,NA,NA,NA,NA,NA,NA,10,NA,NA,690,NA,NA,NA,NA,NA,NA,NA,NA,NA,NA,NA,NA,NA,NA,NA,NA,NA,NA,NA,NA,NA,NA,NA,NA,NA,NA,NA,NA,NA,NA,NA,NA,NA,NA,NA,NA,NA,NA,NA,NA,1319,1340,0.02
Vatican City,NA,NA,NA,NA,NA,NA,NA,NA,NA,NA,NA,0.44,NA,NA,379,NA,NA,NA,EUR,NA,NA,NA,NA,NA,NA,NA,NA,NA,NA,NA,NA,NA,NA,NA,NA,NA,NA,NA,NA,NA,NA,NA,NA,NA,NA,NA,NA,NA,NA,NA,NA,NA,NA,NA,NA,801,799,?0.25%
